image_path,caption
/home/swq/Code/Qwen2.5-VL/coco_2014_caption/image_000000.jpg,Image 1 from COCO dataset
/home/swq/Code/Qwen2.5-VL/coco_2014_caption/image_000001.jpg,Image 2 from COCO dataset
/home/swq/Code/Qwen2.5-VL/coco_2014_caption/image_000002.jpg,Image 3 from COCO dataset
/home/swq/Code/Qwen2.5-VL/coco_2014_caption/image_000003.jpg,Image 4 from COCO dataset
/home/swq/Code/Qwen2.5-VL/coco_2014_caption/image_000004.jpg,Image 5 from COCO dataset
/home/swq/Code/Qwen2.5-VL/coco_2014_caption/image_000005.jpg,Image 6 from COCO dataset
/home/swq/Code/Qwen2.5-VL/coco_2014_caption/image_000006.jpg,Image 7 from COCO dataset
/home/swq/Code/Qwen2.5-VL/coco_2014_caption/image_000007.jpg,Image 8 from COCO dataset
/home/swq/Code/Qwen2.5-VL/coco_2014_caption/image_000008.jpg,Image 9 from COCO dataset
/home/swq/Code/Qwen2.5-VL/coco_2014_caption/image_000009.jpg,Image 10 from COCO dataset
/home/swq/Code/Qwen2.5-VL/coco_2014_caption/image_000010.jpg,Image 11 from COCO dataset
/home/swq/Code/Qwen2.5-VL/coco_2014_caption/image_000011.jpg,Image 12 from COCO dataset
/home/swq/Code/Qwen2.5-VL/coco_2014_caption/image_000012.jpg,Image 13 from COCO dataset
/home/swq/Code/Qwen2.5-VL/coco_2014_caption/image_000013.jpg,Image 14 from COCO dataset
/home/swq/Code/Qwen2.5-VL/coco_2014_caption/image_000014.jpg,Image 15 from COCO dataset
/home/swq/Code/Qwen2.5-VL/coco_2014_caption/image_000015.jpg,Image 16 from COCO dataset
/home/swq/Code/Qwen2.5-VL/coco_2014_caption/image_000016.jpg,Image 17 from COCO dataset
/home/swq/Code/Qwen2.5-VL/coco_2014_caption/image_000017.jpg,Image 18 from COCO dataset
/home/swq/Code/Qwen2.5-VL/coco_2014_caption/image_000018.jpg,Image 19 from COCO dataset
/home/swq/Code/Qwen2.5-VL/coco_2014_caption/image_000019.jpg,Image 20 from COCO dataset
/home/swq/Code/Qwen2.5-VL/coco_2014_caption/image_000020.jpg,Image 21 from COCO dataset
/home/swq/Code/Qwen2.5-VL/coco_2014_caption/image_000021.jpg,Image 22 from COCO dataset
/home/swq/Code/Qwen2.5-VL/coco_2014_caption/image_000022.jpg,Image 23 from COCO dataset
/home/swq/Code/Qwen2.5-VL/coco_2014_caption/image_000023.jpg,Image 24 from COCO dataset
/home/swq/Code/Qwen2.5-VL/coco_2014_caption/image_000024.jpg,Image 25 from COCO dataset
/home/swq/Code/Qwen2.5-VL/coco_2014_caption/image_000025.jpg,Image 26 from COCO dataset
/home/swq/Code/Qwen2.5-VL/coco_2014_caption/image_000026.jpg,Image 27 from COCO dataset
/home/swq/Code/Qwen2.5-VL/coco_2014_caption/image_000027.jpg,Image 28 from COCO dataset
/home/swq/Code/Qwen2.5-VL/coco_2014_caption/image_000028.jpg,Image 29 from COCO dataset
/home/swq/Code/Qwen2.5-VL/coco_2014_caption/image_000029.jpg,Image 30 from COCO dataset
/home/swq/Code/Qwen2.5-VL/coco_2014_caption/image_000030.jpg,Image 31 from COCO dataset
/home/swq/Code/Qwen2.5-VL/coco_2014_caption/image_000031.jpg,Image 32 from COCO dataset
/home/swq/Code/Qwen2.5-VL/coco_2014_caption/image_000032.jpg,Image 33 from COCO dataset
/home/swq/Code/Qwen2.5-VL/coco_2014_caption/image_000033.jpg,Image 34 from COCO dataset
/home/swq/Code/Qwen2.5-VL/coco_2014_caption/image_000034.jpg,Image 35 from COCO dataset
/home/swq/Code/Qwen2.5-VL/coco_2014_caption/image_000035.jpg,Image 36 from COCO dataset
/home/swq/Code/Qwen2.5-VL/coco_2014_caption/image_000036.jpg,Image 37 from COCO dataset
/home/swq/Code/Qwen2.5-VL/coco_2014_caption/image_000037.jpg,Image 38 from COCO dataset
/home/swq/Code/Qwen2.5-VL/coco_2014_caption/image_000038.jpg,Image 39 from COCO dataset
/home/swq/Code/Qwen2.5-VL/coco_2014_caption/image_000039.jpg,Image 40 from COCO dataset
/home/swq/Code/Qwen2.5-VL/coco_2014_caption/image_000040.jpg,Image 41 from COCO dataset
/home/swq/Code/Qwen2.5-VL/coco_2014_caption/image_000041.jpg,Image 42 from COCO dataset
/home/swq/Code/Qwen2.5-VL/coco_2014_caption/image_000042.jpg,Image 43 from COCO dataset
/home/swq/Code/Qwen2.5-VL/coco_2014_caption/image_000043.jpg,Image 44 from COCO dataset
/home/swq/Code/Qwen2.5-VL/coco_2014_caption/image_000044.jpg,Image 45 from COCO dataset
/home/swq/Code/Qwen2.5-VL/coco_2014_caption/image_000045.jpg,Image 46 from COCO dataset
/home/swq/Code/Qwen2.5-VL/coco_2014_caption/image_000046.jpg,Image 47 from COCO dataset
/home/swq/Code/Qwen2.5-VL/coco_2014_caption/image_000047.jpg,Image 48 from COCO dataset
/home/swq/Code/Qwen2.5-VL/coco_2014_caption/image_000048.jpg,Image 49 from COCO dataset
/home/swq/Code/Qwen2.5-VL/coco_2014_caption/image_000049.jpg,Image 50 from COCO dataset
/home/swq/Code/Qwen2.5-VL/coco_2014_caption/image_000050.jpg,Image 51 from COCO dataset
/home/swq/Code/Qwen2.5-VL/coco_2014_caption/image_000051.jpg,Image 52 from COCO dataset
/home/swq/Code/Qwen2.5-VL/coco_2014_caption/image_000052.jpg,Image 53 from COCO dataset
/home/swq/Code/Qwen2.5-VL/coco_2014_caption/image_000053.jpg,Image 54 from COCO dataset
/home/swq/Code/Qwen2.5-VL/coco_2014_caption/image_000054.jpg,Image 55 from COCO dataset
/home/swq/Code/Qwen2.5-VL/coco_2014_caption/image_000055.jpg,Image 56 from COCO dataset
/home/swq/Code/Qwen2.5-VL/coco_2014_caption/image_000056.jpg,Image 57 from COCO dataset
/home/swq/Code/Qwen2.5-VL/coco_2014_caption/image_000057.jpg,Image 58 from COCO dataset
/home/swq/Code/Qwen2.5-VL/coco_2014_caption/image_000058.jpg,Image 59 from COCO dataset
/home/swq/Code/Qwen2.5-VL/coco_2014_caption/image_000059.jpg,Image 60 from COCO dataset
/home/swq/Code/Qwen2.5-VL/coco_2014_caption/image_000060.jpg,Image 61 from COCO dataset
/home/swq/Code/Qwen2.5-VL/coco_2014_caption/image_000061.jpg,Image 62 from COCO dataset
/home/swq/Code/Qwen2.5-VL/coco_2014_caption/image_000062.jpg,Image 63 from COCO dataset
/home/swq/Code/Qwen2.5-VL/coco_2014_caption/image_000063.jpg,Image 64 from COCO dataset
/home/swq/Code/Qwen2.5-VL/coco_2014_caption/image_000064.jpg,Image 65 from COCO dataset
/home/swq/Code/Qwen2.5-VL/coco_2014_caption/image_000065.jpg,Image 66 from COCO dataset
/home/swq/Code/Qwen2.5-VL/coco_2014_caption/image_000066.jpg,Image 67 from COCO dataset
/home/swq/Code/Qwen2.5-VL/coco_2014_caption/image_000067.jpg,Image 68 from COCO dataset
/home/swq/Code/Qwen2.5-VL/coco_2014_caption/image_000068.jpg,Image 69 from COCO dataset
/home/swq/Code/Qwen2.5-VL/coco_2014_caption/image_000069.jpg,Image 70 from COCO dataset
/home/swq/Code/Qwen2.5-VL/coco_2014_caption/image_000070.jpg,Image 71 from COCO dataset
/home/swq/Code/Qwen2.5-VL/coco_2014_caption/image_000071.jpg,Image 72 from COCO dataset
/home/swq/Code/Qwen2.5-VL/coco_2014_caption/image_000072.jpg,Image 73 from COCO dataset
/home/swq/Code/Qwen2.5-VL/coco_2014_caption/image_000073.jpg,Image 74 from COCO dataset
/home/swq/Code/Qwen2.5-VL/coco_2014_caption/image_000074.jpg,Image 75 from COCO dataset
/home/swq/Code/Qwen2.5-VL/coco_2014_caption/image_000075.jpg,Image 76 from COCO dataset
/home/swq/Code/Qwen2.5-VL/coco_2014_caption/image_000076.jpg,Image 77 from COCO dataset
/home/swq/Code/Qwen2.5-VL/coco_2014_caption/image_000077.jpg,Image 78 from COCO dataset
/home/swq/Code/Qwen2.5-VL/coco_2014_caption/image_000078.jpg,Image 79 from COCO dataset
/home/swq/Code/Qwen2.5-VL/coco_2014_caption/image_000079.jpg,Image 80 from COCO dataset
/home/swq/Code/Qwen2.5-VL/coco_2014_caption/image_000080.jpg,Image 81 from COCO dataset
/home/swq/Code/Qwen2.5-VL/coco_2014_caption/image_000081.jpg,Image 82 from COCO dataset
/home/swq/Code/Qwen2.5-VL/coco_2014_caption/image_000082.jpg,Image 83 from COCO dataset
/home/swq/Code/Qwen2.5-VL/coco_2014_caption/image_000083.jpg,Image 84 from COCO dataset
/home/swq/Code/Qwen2.5-VL/coco_2014_caption/image_000084.jpg,Image 85 from COCO dataset
/home/swq/Code/Qwen2.5-VL/coco_2014_caption/image_000085.jpg,Image 86 from COCO dataset
/home/swq/Code/Qwen2.5-VL/coco_2014_caption/image_000086.jpg,Image 87 from COCO dataset
/home/swq/Code/Qwen2.5-VL/coco_2014_caption/image_000087.jpg,Image 88 from COCO dataset
/home/swq/Code/Qwen2.5-VL/coco_2014_caption/image_000088.jpg,Image 89 from COCO dataset
/home/swq/Code/Qwen2.5-VL/coco_2014_caption/image_000089.jpg,Image 90 from COCO dataset
/home/swq/Code/Qwen2.5-VL/coco_2014_caption/image_000090.jpg,Image 91 from COCO dataset
/home/swq/Code/Qwen2.5-VL/coco_2014_caption/image_000091.jpg,Image 92 from COCO dataset
/home/swq/Code/Qwen2.5-VL/coco_2014_caption/image_000092.jpg,Image 93 from COCO dataset
/home/swq/Code/Qwen2.5-VL/coco_2014_caption/image_000093.jpg,Image 94 from COCO dataset
/home/swq/Code/Qwen2.5-VL/coco_2014_caption/image_000094.jpg,Image 95 from COCO dataset
/home/swq/Code/Qwen2.5-VL/coco_2014_caption/image_000095.jpg,Image 96 from COCO dataset
/home/swq/Code/Qwen2.5-VL/coco_2014_caption/image_000096.jpg,Image 97 from COCO dataset
/home/swq/Code/Qwen2.5-VL/coco_2014_caption/image_000097.jpg,Image 98 from COCO dataset
/home/swq/Code/Qwen2.5-VL/coco_2014_caption/image_000098.jpg,Image 99 from COCO dataset
/home/swq/Code/Qwen2.5-VL/coco_2014_caption/image_000099.jpg,Image 100 from COCO dataset
/home/swq/Code/Qwen2.5-VL/coco_2014_caption/image_000100.jpg,Image 101 from COCO dataset
/home/swq/Code/Qwen2.5-VL/coco_2014_caption/image_000101.jpg,Image 102 from COCO dataset
/home/swq/Code/Qwen2.5-VL/coco_2014_caption/image_000102.jpg,Image 103 from COCO dataset
/home/swq/Code/Qwen2.5-VL/coco_2014_caption/image_000103.jpg,Image 104 from COCO dataset
/home/swq/Code/Qwen2.5-VL/coco_2014_caption/image_000104.jpg,Image 105 from COCO dataset
/home/swq/Code/Qwen2.5-VL/coco_2014_caption/image_000105.jpg,Image 106 from COCO dataset
/home/swq/Code/Qwen2.5-VL/coco_2014_caption/image_000106.jpg,Image 107 from COCO dataset
/home/swq/Code/Qwen2.5-VL/coco_2014_caption/image_000107.jpg,Image 108 from COCO dataset
/home/swq/Code/Qwen2.5-VL/coco_2014_caption/image_000108.jpg,Image 109 from COCO dataset
/home/swq/Code/Qwen2.5-VL/coco_2014_caption/image_000109.jpg,Image 110 from COCO dataset
/home/swq/Code/Qwen2.5-VL/coco_2014_caption/image_000110.jpg,Image 111 from COCO dataset
/home/swq/Code/Qwen2.5-VL/coco_2014_caption/image_000111.jpg,Image 112 from COCO dataset
/home/swq/Code/Qwen2.5-VL/coco_2014_caption/image_000112.jpg,Image 113 from COCO dataset
/home/swq/Code/Qwen2.5-VL/coco_2014_caption/image_000113.jpg,Image 114 from COCO dataset
/home/swq/Code/Qwen2.5-VL/coco_2014_caption/image_000114.jpg,Image 115 from COCO dataset
/home/swq/Code/Qwen2.5-VL/coco_2014_caption/image_000115.jpg,Image 116 from COCO dataset
/home/swq/Code/Qwen2.5-VL/coco_2014_caption/image_000116.jpg,Image 117 from COCO dataset
/home/swq/Code/Qwen2.5-VL/coco_2014_caption/image_000117.jpg,Image 118 from COCO dataset
/home/swq/Code/Qwen2.5-VL/coco_2014_caption/image_000118.jpg,Image 119 from COCO dataset
/home/swq/Code/Qwen2.5-VL/coco_2014_caption/image_000119.jpg,Image 120 from COCO dataset
/home/swq/Code/Qwen2.5-VL/coco_2014_caption/image_000120.jpg,Image 121 from COCO dataset
/home/swq/Code/Qwen2.5-VL/coco_2014_caption/image_000121.jpg,Image 122 from COCO dataset
/home/swq/Code/Qwen2.5-VL/coco_2014_caption/image_000122.jpg,Image 123 from COCO dataset
/home/swq/Code/Qwen2.5-VL/coco_2014_caption/image_000123.jpg,Image 124 from COCO dataset
/home/swq/Code/Qwen2.5-VL/coco_2014_caption/image_000124.jpg,Image 125 from COCO dataset
/home/swq/Code/Qwen2.5-VL/coco_2014_caption/image_000125.jpg,Image 126 from COCO dataset
/home/swq/Code/Qwen2.5-VL/coco_2014_caption/image_000126.jpg,Image 127 from COCO dataset
/home/swq/Code/Qwen2.5-VL/coco_2014_caption/image_000127.jpg,Image 128 from COCO dataset
/home/swq/Code/Qwen2.5-VL/coco_2014_caption/image_000128.jpg,Image 129 from COCO dataset
/home/swq/Code/Qwen2.5-VL/coco_2014_caption/image_000129.jpg,Image 130 from COCO dataset
/home/swq/Code/Qwen2.5-VL/coco_2014_caption/image_000130.jpg,Image 131 from COCO dataset
/home/swq/Code/Qwen2.5-VL/coco_2014_caption/image_000131.jpg,Image 132 from COCO dataset
/home/swq/Code/Qwen2.5-VL/coco_2014_caption/image_000132.jpg,Image 133 from COCO dataset
/home/swq/Code/Qwen2.5-VL/coco_2014_caption/image_000133.jpg,Image 134 from COCO dataset
/home/swq/Code/Qwen2.5-VL/coco_2014_caption/image_000134.jpg,Image 135 from COCO dataset
/home/swq/Code/Qwen2.5-VL/coco_2014_caption/image_000135.jpg,Image 136 from COCO dataset
/home/swq/Code/Qwen2.5-VL/coco_2014_caption/image_000136.jpg,Image 137 from COCO dataset
/home/swq/Code/Qwen2.5-VL/coco_2014_caption/image_000137.jpg,Image 138 from COCO dataset
/home/swq/Code/Qwen2.5-VL/coco_2014_caption/image_000138.jpg,Image 139 from COCO dataset
/home/swq/Code/Qwen2.5-VL/coco_2014_caption/image_000139.jpg,Image 140 from COCO dataset
/home/swq/Code/Qwen2.5-VL/coco_2014_caption/image_000140.jpg,Image 141 from COCO dataset
/home/swq/Code/Qwen2.5-VL/coco_2014_caption/image_000141.jpg,Image 142 from COCO dataset
/home/swq/Code/Qwen2.5-VL/coco_2014_caption/image_000142.jpg,Image 143 from COCO dataset
/home/swq/Code/Qwen2.5-VL/coco_2014_caption/image_000143.jpg,Image 144 from COCO dataset
/home/swq/Code/Qwen2.5-VL/coco_2014_caption/image_000144.jpg,Image 145 from COCO dataset
/home/swq/Code/Qwen2.5-VL/coco_2014_caption/image_000145.jpg,Image 146 from COCO dataset
/home/swq/Code/Qwen2.5-VL/coco_2014_caption/image_000146.jpg,Image 147 from COCO dataset
/home/swq/Code/Qwen2.5-VL/coco_2014_caption/image_000147.jpg,Image 148 from COCO dataset
/home/swq/Code/Qwen2.5-VL/coco_2014_caption/image_000148.jpg,Image 149 from COCO dataset
/home/swq/Code/Qwen2.5-VL/coco_2014_caption/image_000149.jpg,Image 150 from COCO dataset
/home/swq/Code/Qwen2.5-VL/coco_2014_caption/image_000150.jpg,Image 151 from COCO dataset
/home/swq/Code/Qwen2.5-VL/coco_2014_caption/image_000151.jpg,Image 152 from COCO dataset
/home/swq/Code/Qwen2.5-VL/coco_2014_caption/image_000152.jpg,Image 153 from COCO dataset
/home/swq/Code/Qwen2.5-VL/coco_2014_caption/image_000153.jpg,Image 154 from COCO dataset
/home/swq/Code/Qwen2.5-VL/coco_2014_caption/image_000154.jpg,Image 155 from COCO dataset
/home/swq/Code/Qwen2.5-VL/coco_2014_caption/image_000155.jpg,Image 156 from COCO dataset
/home/swq/Code/Qwen2.5-VL/coco_2014_caption/image_000156.jpg,Image 157 from COCO dataset
/home/swq/Code/Qwen2.5-VL/coco_2014_caption/image_000157.jpg,Image 158 from COCO dataset
/home/swq/Code/Qwen2.5-VL/coco_2014_caption/image_000158.jpg,Image 159 from COCO dataset
/home/swq/Code/Qwen2.5-VL/coco_2014_caption/image_000159.jpg,Image 160 from COCO dataset
/home/swq/Code/Qwen2.5-VL/coco_2014_caption/image_000160.jpg,Image 161 from COCO dataset
/home/swq/Code/Qwen2.5-VL/coco_2014_caption/image_000161.jpg,Image 162 from COCO dataset
/home/swq/Code/Qwen2.5-VL/coco_2014_caption/image_000162.jpg,Image 163 from COCO dataset
/home/swq/Code/Qwen2.5-VL/coco_2014_caption/image_000163.jpg,Image 164 from COCO dataset
/home/swq/Code/Qwen2.5-VL/coco_2014_caption/image_000164.jpg,Image 165 from COCO dataset
/home/swq/Code/Qwen2.5-VL/coco_2014_caption/image_000165.jpg,Image 166 from COCO dataset
/home/swq/Code/Qwen2.5-VL/coco_2014_caption/image_000166.jpg,Image 167 from COCO dataset
/home/swq/Code/Qwen2.5-VL/coco_2014_caption/image_000167.jpg,Image 168 from COCO dataset
/home/swq/Code/Qwen2.5-VL/coco_2014_caption/image_000168.jpg,Image 169 from COCO dataset
/home/swq/Code/Qwen2.5-VL/coco_2014_caption/image_000169.jpg,Image 170 from COCO dataset
/home/swq/Code/Qwen2.5-VL/coco_2014_caption/image_000170.jpg,Image 171 from COCO dataset
/home/swq/Code/Qwen2.5-VL/coco_2014_caption/image_000171.jpg,Image 172 from COCO dataset
/home/swq/Code/Qwen2.5-VL/coco_2014_caption/image_000172.jpg,Image 173 from COCO dataset
/home/swq/Code/Qwen2.5-VL/coco_2014_caption/image_000173.jpg,Image 174 from COCO dataset
/home/swq/Code/Qwen2.5-VL/coco_2014_caption/image_000174.jpg,Image 175 from COCO dataset
/home/swq/Code/Qwen2.5-VL/coco_2014_caption/image_000175.jpg,Image 176 from COCO dataset
/home/swq/Code/Qwen2.5-VL/coco_2014_caption/image_000176.jpg,Image 177 from COCO dataset
/home/swq/Code/Qwen2.5-VL/coco_2014_caption/image_000177.jpg,Image 178 from COCO dataset
/home/swq/Code/Qwen2.5-VL/coco_2014_caption/image_000178.jpg,Image 179 from COCO dataset
/home/swq/Code/Qwen2.5-VL/coco_2014_caption/image_000179.jpg,Image 180 from COCO dataset
/home/swq/Code/Qwen2.5-VL/coco_2014_caption/image_000180.jpg,Image 181 from COCO dataset
/home/swq/Code/Qwen2.5-VL/coco_2014_caption/image_000181.jpg,Image 182 from COCO dataset
/home/swq/Code/Qwen2.5-VL/coco_2014_caption/image_000182.jpg,Image 183 from COCO dataset
/home/swq/Code/Qwen2.5-VL/coco_2014_caption/image_000183.jpg,Image 184 from COCO dataset
/home/swq/Code/Qwen2.5-VL/coco_2014_caption/image_000184.jpg,Image 185 from COCO dataset
/home/swq/Code/Qwen2.5-VL/coco_2014_caption/image_000185.jpg,Image 186 from COCO dataset
/home/swq/Code/Qwen2.5-VL/coco_2014_caption/image_000186.jpg,Image 187 from COCO dataset
/home/swq/Code/Qwen2.5-VL/coco_2014_caption/image_000187.jpg,Image 188 from COCO dataset
/home/swq/Code/Qwen2.5-VL/coco_2014_caption/image_000188.jpg,Image 189 from COCO dataset
/home/swq/Code/Qwen2.5-VL/coco_2014_caption/image_000189.jpg,Image 190 from COCO dataset
/home/swq/Code/Qwen2.5-VL/coco_2014_caption/image_000190.jpg,Image 191 from COCO dataset
/home/swq/Code/Qwen2.5-VL/coco_2014_caption/image_000191.jpg,Image 192 from COCO dataset
/home/swq/Code/Qwen2.5-VL/coco_2014_caption/image_000192.jpg,Image 193 from COCO dataset
/home/swq/Code/Qwen2.5-VL/coco_2014_caption/image_000193.jpg,Image 194 from COCO dataset
/home/swq/Code/Qwen2.5-VL/coco_2014_caption/image_000194.jpg,Image 195 from COCO dataset
/home/swq/Code/Qwen2.5-VL/coco_2014_caption/image_000195.jpg,Image 196 from COCO dataset
/home/swq/Code/Qwen2.5-VL/coco_2014_caption/image_000196.jpg,Image 197 from COCO dataset
/home/swq/Code/Qwen2.5-VL/coco_2014_caption/image_000197.jpg,Image 198 from COCO dataset
/home/swq/Code/Qwen2.5-VL/coco_2014_caption/image_000198.jpg,Image 199 from COCO dataset
/home/swq/Code/Qwen2.5-VL/coco_2014_caption/image_000199.jpg,Image 200 from COCO dataset
/home/swq/Code/Qwen2.5-VL/coco_2014_caption/image_000200.jpg,Image 201 from COCO dataset
/home/swq/Code/Qwen2.5-VL/coco_2014_caption/image_000201.jpg,Image 202 from COCO dataset
/home/swq/Code/Qwen2.5-VL/coco_2014_caption/image_000202.jpg,Image 203 from COCO dataset
/home/swq/Code/Qwen2.5-VL/coco_2014_caption/image_000203.jpg,Image 204 from COCO dataset
/home/swq/Code/Qwen2.5-VL/coco_2014_caption/image_000204.jpg,Image 205 from COCO dataset
/home/swq/Code/Qwen2.5-VL/coco_2014_caption/image_000205.jpg,Image 206 from COCO dataset
/home/swq/Code/Qwen2.5-VL/coco_2014_caption/image_000206.jpg,Image 207 from COCO dataset
/home/swq/Code/Qwen2.5-VL/coco_2014_caption/image_000207.jpg,Image 208 from COCO dataset
/home/swq/Code/Qwen2.5-VL/coco_2014_caption/image_000208.jpg,Image 209 from COCO dataset
/home/swq/Code/Qwen2.5-VL/coco_2014_caption/image_000209.jpg,Image 210 from COCO dataset
/home/swq/Code/Qwen2.5-VL/coco_2014_caption/image_000210.jpg,Image 211 from COCO dataset
/home/swq/Code/Qwen2.5-VL/coco_2014_caption/image_000211.jpg,Image 212 from COCO dataset
/home/swq/Code/Qwen2.5-VL/coco_2014_caption/image_000212.jpg,Image 213 from COCO dataset
/home/swq/Code/Qwen2.5-VL/coco_2014_caption/image_000213.jpg,Image 214 from COCO dataset
/home/swq/Code/Qwen2.5-VL/coco_2014_caption/image_000214.jpg,Image 215 from COCO dataset
/home/swq/Code/Qwen2.5-VL/coco_2014_caption/image_000215.jpg,Image 216 from COCO dataset
/home/swq/Code/Qwen2.5-VL/coco_2014_caption/image_000216.jpg,Image 217 from COCO dataset
/home/swq/Code/Qwen2.5-VL/coco_2014_caption/image_000217.jpg,Image 218 from COCO dataset
/home/swq/Code/Qwen2.5-VL/coco_2014_caption/image_000218.jpg,Image 219 from COCO dataset
/home/swq/Code/Qwen2.5-VL/coco_2014_caption/image_000219.jpg,Image 220 from COCO dataset
/home/swq/Code/Qwen2.5-VL/coco_2014_caption/image_000220.jpg,Image 221 from COCO dataset
/home/swq/Code/Qwen2.5-VL/coco_2014_caption/image_000221.jpg,Image 222 from COCO dataset
/home/swq/Code/Qwen2.5-VL/coco_2014_caption/image_000222.jpg,Image 223 from COCO dataset
/home/swq/Code/Qwen2.5-VL/coco_2014_caption/image_000223.jpg,Image 224 from COCO dataset
/home/swq/Code/Qwen2.5-VL/coco_2014_caption/image_000224.jpg,Image 225 from COCO dataset
/home/swq/Code/Qwen2.5-VL/coco_2014_caption/image_000225.jpg,Image 226 from COCO dataset
/home/swq/Code/Qwen2.5-VL/coco_2014_caption/image_000226.jpg,Image 227 from COCO dataset
/home/swq/Code/Qwen2.5-VL/coco_2014_caption/image_000227.jpg,Image 228 from COCO dataset
/home/swq/Code/Qwen2.5-VL/coco_2014_caption/image_000228.jpg,Image 229 from COCO dataset
/home/swq/Code/Qwen2.5-VL/coco_2014_caption/image_000229.jpg,Image 230 from COCO dataset
/home/swq/Code/Qwen2.5-VL/coco_2014_caption/image_000230.jpg,Image 231 from COCO dataset
/home/swq/Code/Qwen2.5-VL/coco_2014_caption/image_000231.jpg,Image 232 from COCO dataset
/home/swq/Code/Qwen2.5-VL/coco_2014_caption/image_000232.jpg,Image 233 from COCO dataset
/home/swq/Code/Qwen2.5-VL/coco_2014_caption/image_000233.jpg,Image 234 from COCO dataset
/home/swq/Code/Qwen2.5-VL/coco_2014_caption/image_000234.jpg,Image 235 from COCO dataset
/home/swq/Code/Qwen2.5-VL/coco_2014_caption/image_000235.jpg,Image 236 from COCO dataset
/home/swq/Code/Qwen2.5-VL/coco_2014_caption/image_000236.jpg,Image 237 from COCO dataset
/home/swq/Code/Qwen2.5-VL/coco_2014_caption/image_000237.jpg,Image 238 from COCO dataset
/home/swq/Code/Qwen2.5-VL/coco_2014_caption/image_000238.jpg,Image 239 from COCO dataset
/home/swq/Code/Qwen2.5-VL/coco_2014_caption/image_000239.jpg,Image 240 from COCO dataset
/home/swq/Code/Qwen2.5-VL/coco_2014_caption/image_000240.jpg,Image 241 from COCO dataset
/home/swq/Code/Qwen2.5-VL/coco_2014_caption/image_000241.jpg,Image 242 from COCO dataset
/home/swq/Code/Qwen2.5-VL/coco_2014_caption/image_000242.jpg,Image 243 from COCO dataset
/home/swq/Code/Qwen2.5-VL/coco_2014_caption/image_000243.jpg,Image 244 from COCO dataset
/home/swq/Code/Qwen2.5-VL/coco_2014_caption/image_000244.jpg,Image 245 from COCO dataset
/home/swq/Code/Qwen2.5-VL/coco_2014_caption/image_000245.jpg,Image 246 from COCO dataset
/home/swq/Code/Qwen2.5-VL/coco_2014_caption/image_000246.jpg,Image 247 from COCO dataset
/home/swq/Code/Qwen2.5-VL/coco_2014_caption/image_000247.jpg,Image 248 from COCO dataset
/home/swq/Code/Qwen2.5-VL/coco_2014_caption/image_000248.jpg,Image 249 from COCO dataset
/home/swq/Code/Qwen2.5-VL/coco_2014_caption/image_000249.jpg,Image 250 from COCO dataset
/home/swq/Code/Qwen2.5-VL/coco_2014_caption/image_000250.jpg,Image 251 from COCO dataset
/home/swq/Code/Qwen2.5-VL/coco_2014_caption/image_000251.jpg,Image 252 from COCO dataset
/home/swq/Code/Qwen2.5-VL/coco_2014_caption/image_000252.jpg,Image 253 from COCO dataset
/home/swq/Code/Qwen2.5-VL/coco_2014_caption/image_000253.jpg,Image 254 from COCO dataset
/home/swq/Code/Qwen2.5-VL/coco_2014_caption/image_000254.jpg,Image 255 from COCO dataset
/home/swq/Code/Qwen2.5-VL/coco_2014_caption/image_000255.jpg,Image 256 from COCO dataset
/home/swq/Code/Qwen2.5-VL/coco_2014_caption/image_000256.jpg,Image 257 from COCO dataset
/home/swq/Code/Qwen2.5-VL/coco_2014_caption/image_000257.jpg,Image 258 from COCO dataset
/home/swq/Code/Qwen2.5-VL/coco_2014_caption/image_000258.jpg,Image 259 from COCO dataset
/home/swq/Code/Qwen2.5-VL/coco_2014_caption/image_000259.jpg,Image 260 from COCO dataset
/home/swq/Code/Qwen2.5-VL/coco_2014_caption/image_000260.jpg,Image 261 from COCO dataset
/home/swq/Code/Qwen2.5-VL/coco_2014_caption/image_000261.jpg,Image 262 from COCO dataset
/home/swq/Code/Qwen2.5-VL/coco_2014_caption/image_000262.jpg,Image 263 from COCO dataset
/home/swq/Code/Qwen2.5-VL/coco_2014_caption/image_000263.jpg,Image 264 from COCO dataset
/home/swq/Code/Qwen2.5-VL/coco_2014_caption/image_000264.jpg,Image 265 from COCO dataset
/home/swq/Code/Qwen2.5-VL/coco_2014_caption/image_000265.jpg,Image 266 from COCO dataset
/home/swq/Code/Qwen2.5-VL/coco_2014_caption/image_000266.jpg,Image 267 from COCO dataset
/home/swq/Code/Qwen2.5-VL/coco_2014_caption/image_000267.jpg,Image 268 from COCO dataset
/home/swq/Code/Qwen2.5-VL/coco_2014_caption/image_000268.jpg,Image 269 from COCO dataset
/home/swq/Code/Qwen2.5-VL/coco_2014_caption/image_000269.jpg,Image 270 from COCO dataset
/home/swq/Code/Qwen2.5-VL/coco_2014_caption/image_000270.jpg,Image 271 from COCO dataset
/home/swq/Code/Qwen2.5-VL/coco_2014_caption/image_000271.jpg,Image 272 from COCO dataset
/home/swq/Code/Qwen2.5-VL/coco_2014_caption/image_000272.jpg,Image 273 from COCO dataset
/home/swq/Code/Qwen2.5-VL/coco_2014_caption/image_000273.jpg,Image 274 from COCO dataset
/home/swq/Code/Qwen2.5-VL/coco_2014_caption/image_000274.jpg,Image 275 from COCO dataset
/home/swq/Code/Qwen2.5-VL/coco_2014_caption/image_000275.jpg,Image 276 from COCO dataset
/home/swq/Code/Qwen2.5-VL/coco_2014_caption/image_000276.jpg,Image 277 from COCO dataset
/home/swq/Code/Qwen2.5-VL/coco_2014_caption/image_000277.jpg,Image 278 from COCO dataset
/home/swq/Code/Qwen2.5-VL/coco_2014_caption/image_000278.jpg,Image 279 from COCO dataset
/home/swq/Code/Qwen2.5-VL/coco_2014_caption/image_000279.jpg,Image 280 from COCO dataset
/home/swq/Code/Qwen2.5-VL/coco_2014_caption/image_000280.jpg,Image 281 from COCO dataset
/home/swq/Code/Qwen2.5-VL/coco_2014_caption/image_000281.jpg,Image 282 from COCO dataset
/home/swq/Code/Qwen2.5-VL/coco_2014_caption/image_000282.jpg,Image 283 from COCO dataset
/home/swq/Code/Qwen2.5-VL/coco_2014_caption/image_000283.jpg,Image 284 from COCO dataset
/home/swq/Code/Qwen2.5-VL/coco_2014_caption/image_000284.jpg,Image 285 from COCO dataset
/home/swq/Code/Qwen2.5-VL/coco_2014_caption/image_000285.jpg,Image 286 from COCO dataset
/home/swq/Code/Qwen2.5-VL/coco_2014_caption/image_000286.jpg,Image 287 from COCO dataset
/home/swq/Code/Qwen2.5-VL/coco_2014_caption/image_000287.jpg,Image 288 from COCO dataset
/home/swq/Code/Qwen2.5-VL/coco_2014_caption/image_000288.jpg,Image 289 from COCO dataset
/home/swq/Code/Qwen2.5-VL/coco_2014_caption/image_000289.jpg,Image 290 from COCO dataset
/home/swq/Code/Qwen2.5-VL/coco_2014_caption/image_000290.jpg,Image 291 from COCO dataset
/home/swq/Code/Qwen2.5-VL/coco_2014_caption/image_000291.jpg,Image 292 from COCO dataset
/home/swq/Code/Qwen2.5-VL/coco_2014_caption/image_000292.jpg,Image 293 from COCO dataset
/home/swq/Code/Qwen2.5-VL/coco_2014_caption/image_000293.jpg,Image 294 from COCO dataset
/home/swq/Code/Qwen2.5-VL/coco_2014_caption/image_000294.jpg,Image 295 from COCO dataset
/home/swq/Code/Qwen2.5-VL/coco_2014_caption/image_000295.jpg,Image 296 from COCO dataset
/home/swq/Code/Qwen2.5-VL/coco_2014_caption/image_000296.jpg,Image 297 from COCO dataset
/home/swq/Code/Qwen2.5-VL/coco_2014_caption/image_000297.jpg,Image 298 from COCO dataset
/home/swq/Code/Qwen2.5-VL/coco_2014_caption/image_000298.jpg,Image 299 from COCO dataset
/home/swq/Code/Qwen2.5-VL/coco_2014_caption/image_000299.jpg,Image 300 from COCO dataset
/home/swq/Code/Qwen2.5-VL/coco_2014_caption/image_000300.jpg,Image 301 from COCO dataset
/home/swq/Code/Qwen2.5-VL/coco_2014_caption/image_000301.jpg,Image 302 from COCO dataset
/home/swq/Code/Qwen2.5-VL/coco_2014_caption/image_000302.jpg,Image 303 from COCO dataset
/home/swq/Code/Qwen2.5-VL/coco_2014_caption/image_000303.jpg,Image 304 from COCO dataset
/home/swq/Code/Qwen2.5-VL/coco_2014_caption/image_000304.jpg,Image 305 from COCO dataset
/home/swq/Code/Qwen2.5-VL/coco_2014_caption/image_000305.jpg,Image 306 from COCO dataset
/home/swq/Code/Qwen2.5-VL/coco_2014_caption/image_000306.jpg,Image 307 from COCO dataset
/home/swq/Code/Qwen2.5-VL/coco_2014_caption/image_000307.jpg,Image 308 from COCO dataset
/home/swq/Code/Qwen2.5-VL/coco_2014_caption/image_000308.jpg,Image 309 from COCO dataset
/home/swq/Code/Qwen2.5-VL/coco_2014_caption/image_000309.jpg,Image 310 from COCO dataset
/home/swq/Code/Qwen2.5-VL/coco_2014_caption/image_000310.jpg,Image 311 from COCO dataset
/home/swq/Code/Qwen2.5-VL/coco_2014_caption/image_000311.jpg,Image 312 from COCO dataset
/home/swq/Code/Qwen2.5-VL/coco_2014_caption/image_000312.jpg,Image 313 from COCO dataset
/home/swq/Code/Qwen2.5-VL/coco_2014_caption/image_000313.jpg,Image 314 from COCO dataset
/home/swq/Code/Qwen2.5-VL/coco_2014_caption/image_000314.jpg,Image 315 from COCO dataset
/home/swq/Code/Qwen2.5-VL/coco_2014_caption/image_000315.jpg,Image 316 from COCO dataset
/home/swq/Code/Qwen2.5-VL/coco_2014_caption/image_000316.jpg,Image 317 from COCO dataset
/home/swq/Code/Qwen2.5-VL/coco_2014_caption/image_000317.jpg,Image 318 from COCO dataset
/home/swq/Code/Qwen2.5-VL/coco_2014_caption/image_000318.jpg,Image 319 from COCO dataset
/home/swq/Code/Qwen2.5-VL/coco_2014_caption/image_000319.jpg,Image 320 from COCO dataset
/home/swq/Code/Qwen2.5-VL/coco_2014_caption/image_000320.jpg,Image 321 from COCO dataset
/home/swq/Code/Qwen2.5-VL/coco_2014_caption/image_000321.jpg,Image 322 from COCO dataset
/home/swq/Code/Qwen2.5-VL/coco_2014_caption/image_000322.jpg,Image 323 from COCO dataset
/home/swq/Code/Qwen2.5-VL/coco_2014_caption/image_000323.jpg,Image 324 from COCO dataset
/home/swq/Code/Qwen2.5-VL/coco_2014_caption/image_000324.jpg,Image 325 from COCO dataset
/home/swq/Code/Qwen2.5-VL/coco_2014_caption/image_000325.jpg,Image 326 from COCO dataset
/home/swq/Code/Qwen2.5-VL/coco_2014_caption/image_000326.jpg,Image 327 from COCO dataset
/home/swq/Code/Qwen2.5-VL/coco_2014_caption/image_000327.jpg,Image 328 from COCO dataset
/home/swq/Code/Qwen2.5-VL/coco_2014_caption/image_000328.jpg,Image 329 from COCO dataset
/home/swq/Code/Qwen2.5-VL/coco_2014_caption/image_000329.jpg,Image 330 from COCO dataset
/home/swq/Code/Qwen2.5-VL/coco_2014_caption/image_000330.jpg,Image 331 from COCO dataset
/home/swq/Code/Qwen2.5-VL/coco_2014_caption/image_000331.jpg,Image 332 from COCO dataset
/home/swq/Code/Qwen2.5-VL/coco_2014_caption/image_000332.jpg,Image 333 from COCO dataset
/home/swq/Code/Qwen2.5-VL/coco_2014_caption/image_000333.jpg,Image 334 from COCO dataset
/home/swq/Code/Qwen2.5-VL/coco_2014_caption/image_000334.jpg,Image 335 from COCO dataset
/home/swq/Code/Qwen2.5-VL/coco_2014_caption/image_000335.jpg,Image 336 from COCO dataset
/home/swq/Code/Qwen2.5-VL/coco_2014_caption/image_000336.jpg,Image 337 from COCO dataset
/home/swq/Code/Qwen2.5-VL/coco_2014_caption/image_000337.jpg,Image 338 from COCO dataset
/home/swq/Code/Qwen2.5-VL/coco_2014_caption/image_000338.jpg,Image 339 from COCO dataset
/home/swq/Code/Qwen2.5-VL/coco_2014_caption/image_000339.jpg,Image 340 from COCO dataset
/home/swq/Code/Qwen2.5-VL/coco_2014_caption/image_000340.jpg,Image 341 from COCO dataset
/home/swq/Code/Qwen2.5-VL/coco_2014_caption/image_000341.jpg,Image 342 from COCO dataset
/home/swq/Code/Qwen2.5-VL/coco_2014_caption/image_000342.jpg,Image 343 from COCO dataset
/home/swq/Code/Qwen2.5-VL/coco_2014_caption/image_000343.jpg,Image 344 from COCO dataset
/home/swq/Code/Qwen2.5-VL/coco_2014_caption/image_000344.jpg,Image 345 from COCO dataset
/home/swq/Code/Qwen2.5-VL/coco_2014_caption/image_000345.jpg,Image 346 from COCO dataset
/home/swq/Code/Qwen2.5-VL/coco_2014_caption/image_000346.jpg,Image 347 from COCO dataset
/home/swq/Code/Qwen2.5-VL/coco_2014_caption/image_000347.jpg,Image 348 from COCO dataset
/home/swq/Code/Qwen2.5-VL/coco_2014_caption/image_000348.jpg,Image 349 from COCO dataset
/home/swq/Code/Qwen2.5-VL/coco_2014_caption/image_000349.jpg,Image 350 from COCO dataset
/home/swq/Code/Qwen2.5-VL/coco_2014_caption/image_000350.jpg,Image 351 from COCO dataset
/home/swq/Code/Qwen2.5-VL/coco_2014_caption/image_000351.jpg,Image 352 from COCO dataset
/home/swq/Code/Qwen2.5-VL/coco_2014_caption/image_000352.jpg,Image 353 from COCO dataset
/home/swq/Code/Qwen2.5-VL/coco_2014_caption/image_000353.jpg,Image 354 from COCO dataset
/home/swq/Code/Qwen2.5-VL/coco_2014_caption/image_000354.jpg,Image 355 from COCO dataset
/home/swq/Code/Qwen2.5-VL/coco_2014_caption/image_000355.jpg,Image 356 from COCO dataset
/home/swq/Code/Qwen2.5-VL/coco_2014_caption/image_000356.jpg,Image 357 from COCO dataset
/home/swq/Code/Qwen2.5-VL/coco_2014_caption/image_000357.jpg,Image 358 from COCO dataset
/home/swq/Code/Qwen2.5-VL/coco_2014_caption/image_000358.jpg,Image 359 from COCO dataset
/home/swq/Code/Qwen2.5-VL/coco_2014_caption/image_000359.jpg,Image 360 from COCO dataset
/home/swq/Code/Qwen2.5-VL/coco_2014_caption/image_000360.jpg,Image 361 from COCO dataset
/home/swq/Code/Qwen2.5-VL/coco_2014_caption/image_000361.jpg,Image 362 from COCO dataset
/home/swq/Code/Qwen2.5-VL/coco_2014_caption/image_000362.jpg,Image 363 from COCO dataset
/home/swq/Code/Qwen2.5-VL/coco_2014_caption/image_000363.jpg,Image 364 from COCO dataset
/home/swq/Code/Qwen2.5-VL/coco_2014_caption/image_000364.jpg,Image 365 from COCO dataset
/home/swq/Code/Qwen2.5-VL/coco_2014_caption/image_000365.jpg,Image 366 from COCO dataset
/home/swq/Code/Qwen2.5-VL/coco_2014_caption/image_000366.jpg,Image 367 from COCO dataset
/home/swq/Code/Qwen2.5-VL/coco_2014_caption/image_000367.jpg,Image 368 from COCO dataset
/home/swq/Code/Qwen2.5-VL/coco_2014_caption/image_000368.jpg,Image 369 from COCO dataset
/home/swq/Code/Qwen2.5-VL/coco_2014_caption/image_000369.jpg,Image 370 from COCO dataset
/home/swq/Code/Qwen2.5-VL/coco_2014_caption/image_000370.jpg,Image 371 from COCO dataset
/home/swq/Code/Qwen2.5-VL/coco_2014_caption/image_000371.jpg,Image 372 from COCO dataset
/home/swq/Code/Qwen2.5-VL/coco_2014_caption/image_000372.jpg,Image 373 from COCO dataset
/home/swq/Code/Qwen2.5-VL/coco_2014_caption/image_000373.jpg,Image 374 from COCO dataset
/home/swq/Code/Qwen2.5-VL/coco_2014_caption/image_000374.jpg,Image 375 from COCO dataset
/home/swq/Code/Qwen2.5-VL/coco_2014_caption/image_000375.jpg,Image 376 from COCO dataset
/home/swq/Code/Qwen2.5-VL/coco_2014_caption/image_000376.jpg,Image 377 from COCO dataset
/home/swq/Code/Qwen2.5-VL/coco_2014_caption/image_000377.jpg,Image 378 from COCO dataset
/home/swq/Code/Qwen2.5-VL/coco_2014_caption/image_000378.jpg,Image 379 from COCO dataset
/home/swq/Code/Qwen2.5-VL/coco_2014_caption/image_000379.jpg,Image 380 from COCO dataset
/home/swq/Code/Qwen2.5-VL/coco_2014_caption/image_000380.jpg,Image 381 from COCO dataset
/home/swq/Code/Qwen2.5-VL/coco_2014_caption/image_000381.jpg,Image 382 from COCO dataset
/home/swq/Code/Qwen2.5-VL/coco_2014_caption/image_000382.jpg,Image 383 from COCO dataset
/home/swq/Code/Qwen2.5-VL/coco_2014_caption/image_000383.jpg,Image 384 from COCO dataset
/home/swq/Code/Qwen2.5-VL/coco_2014_caption/image_000384.jpg,Image 385 from COCO dataset
/home/swq/Code/Qwen2.5-VL/coco_2014_caption/image_000385.jpg,Image 386 from COCO dataset
/home/swq/Code/Qwen2.5-VL/coco_2014_caption/image_000386.jpg,Image 387 from COCO dataset
/home/swq/Code/Qwen2.5-VL/coco_2014_caption/image_000387.jpg,Image 388 from COCO dataset
/home/swq/Code/Qwen2.5-VL/coco_2014_caption/image_000388.jpg,Image 389 from COCO dataset
/home/swq/Code/Qwen2.5-VL/coco_2014_caption/image_000389.jpg,Image 390 from COCO dataset
/home/swq/Code/Qwen2.5-VL/coco_2014_caption/image_000390.jpg,Image 391 from COCO dataset
/home/swq/Code/Qwen2.5-VL/coco_2014_caption/image_000391.jpg,Image 392 from COCO dataset
/home/swq/Code/Qwen2.5-VL/coco_2014_caption/image_000392.jpg,Image 393 from COCO dataset
/home/swq/Code/Qwen2.5-VL/coco_2014_caption/image_000393.jpg,Image 394 from COCO dataset
/home/swq/Code/Qwen2.5-VL/coco_2014_caption/image_000394.jpg,Image 395 from COCO dataset
/home/swq/Code/Qwen2.5-VL/coco_2014_caption/image_000395.jpg,Image 396 from COCO dataset
/home/swq/Code/Qwen2.5-VL/coco_2014_caption/image_000396.jpg,Image 397 from COCO dataset
/home/swq/Code/Qwen2.5-VL/coco_2014_caption/image_000397.jpg,Image 398 from COCO dataset
/home/swq/Code/Qwen2.5-VL/coco_2014_caption/image_000398.jpg,Image 399 from COCO dataset
/home/swq/Code/Qwen2.5-VL/coco_2014_caption/image_000399.jpg,Image 400 from COCO dataset
/home/swq/Code/Qwen2.5-VL/coco_2014_caption/image_000400.jpg,Image 401 from COCO dataset
/home/swq/Code/Qwen2.5-VL/coco_2014_caption/image_000401.jpg,Image 402 from COCO dataset
/home/swq/Code/Qwen2.5-VL/coco_2014_caption/image_000402.jpg,Image 403 from COCO dataset
/home/swq/Code/Qwen2.5-VL/coco_2014_caption/image_000403.jpg,Image 404 from COCO dataset
/home/swq/Code/Qwen2.5-VL/coco_2014_caption/image_000404.jpg,Image 405 from COCO dataset
/home/swq/Code/Qwen2.5-VL/coco_2014_caption/image_000405.jpg,Image 406 from COCO dataset
/home/swq/Code/Qwen2.5-VL/coco_2014_caption/image_000406.jpg,Image 407 from COCO dataset
/home/swq/Code/Qwen2.5-VL/coco_2014_caption/image_000407.jpg,Image 408 from COCO dataset
/home/swq/Code/Qwen2.5-VL/coco_2014_caption/image_000408.jpg,Image 409 from COCO dataset
/home/swq/Code/Qwen2.5-VL/coco_2014_caption/image_000409.jpg,Image 410 from COCO dataset
/home/swq/Code/Qwen2.5-VL/coco_2014_caption/image_000410.jpg,Image 411 from COCO dataset
/home/swq/Code/Qwen2.5-VL/coco_2014_caption/image_000411.jpg,Image 412 from COCO dataset
/home/swq/Code/Qwen2.5-VL/coco_2014_caption/image_000412.jpg,Image 413 from COCO dataset
/home/swq/Code/Qwen2.5-VL/coco_2014_caption/image_000413.jpg,Image 414 from COCO dataset
/home/swq/Code/Qwen2.5-VL/coco_2014_caption/image_000414.jpg,Image 415 from COCO dataset
/home/swq/Code/Qwen2.5-VL/coco_2014_caption/image_000415.jpg,Image 416 from COCO dataset
/home/swq/Code/Qwen2.5-VL/coco_2014_caption/image_000416.jpg,Image 417 from COCO dataset
/home/swq/Code/Qwen2.5-VL/coco_2014_caption/image_000417.jpg,Image 418 from COCO dataset
/home/swq/Code/Qwen2.5-VL/coco_2014_caption/image_000418.jpg,Image 419 from COCO dataset
/home/swq/Code/Qwen2.5-VL/coco_2014_caption/image_000419.jpg,Image 420 from COCO dataset
/home/swq/Code/Qwen2.5-VL/coco_2014_caption/image_000420.jpg,Image 421 from COCO dataset
/home/swq/Code/Qwen2.5-VL/coco_2014_caption/image_000421.jpg,Image 422 from COCO dataset
/home/swq/Code/Qwen2.5-VL/coco_2014_caption/image_000422.jpg,Image 423 from COCO dataset
/home/swq/Code/Qwen2.5-VL/coco_2014_caption/image_000423.jpg,Image 424 from COCO dataset
/home/swq/Code/Qwen2.5-VL/coco_2014_caption/image_000424.jpg,Image 425 from COCO dataset
/home/swq/Code/Qwen2.5-VL/coco_2014_caption/image_000425.jpg,Image 426 from COCO dataset
/home/swq/Code/Qwen2.5-VL/coco_2014_caption/image_000426.jpg,Image 427 from COCO dataset
/home/swq/Code/Qwen2.5-VL/coco_2014_caption/image_000427.jpg,Image 428 from COCO dataset
/home/swq/Code/Qwen2.5-VL/coco_2014_caption/image_000428.jpg,Image 429 from COCO dataset
/home/swq/Code/Qwen2.5-VL/coco_2014_caption/image_000429.jpg,Image 430 from COCO dataset
/home/swq/Code/Qwen2.5-VL/coco_2014_caption/image_000430.jpg,Image 431 from COCO dataset
/home/swq/Code/Qwen2.5-VL/coco_2014_caption/image_000431.jpg,Image 432 from COCO dataset
/home/swq/Code/Qwen2.5-VL/coco_2014_caption/image_000432.jpg,Image 433 from COCO dataset
/home/swq/Code/Qwen2.5-VL/coco_2014_caption/image_000433.jpg,Image 434 from COCO dataset
/home/swq/Code/Qwen2.5-VL/coco_2014_caption/image_000434.jpg,Image 435 from COCO dataset
/home/swq/Code/Qwen2.5-VL/coco_2014_caption/image_000435.jpg,Image 436 from COCO dataset
/home/swq/Code/Qwen2.5-VL/coco_2014_caption/image_000436.jpg,Image 437 from COCO dataset
/home/swq/Code/Qwen2.5-VL/coco_2014_caption/image_000437.jpg,Image 438 from COCO dataset
/home/swq/Code/Qwen2.5-VL/coco_2014_caption/image_000438.jpg,Image 439 from COCO dataset
/home/swq/Code/Qwen2.5-VL/coco_2014_caption/image_000439.jpg,Image 440 from COCO dataset
/home/swq/Code/Qwen2.5-VL/coco_2014_caption/image_000440.jpg,Image 441 from COCO dataset
/home/swq/Code/Qwen2.5-VL/coco_2014_caption/image_000441.jpg,Image 442 from COCO dataset
/home/swq/Code/Qwen2.5-VL/coco_2014_caption/image_000442.jpg,Image 443 from COCO dataset
/home/swq/Code/Qwen2.5-VL/coco_2014_caption/image_000443.jpg,Image 444 from COCO dataset
/home/swq/Code/Qwen2.5-VL/coco_2014_caption/image_000444.jpg,Image 445 from COCO dataset
/home/swq/Code/Qwen2.5-VL/coco_2014_caption/image_000445.jpg,Image 446 from COCO dataset
/home/swq/Code/Qwen2.5-VL/coco_2014_caption/image_000446.jpg,Image 447 from COCO dataset
/home/swq/Code/Qwen2.5-VL/coco_2014_caption/image_000447.jpg,Image 448 from COCO dataset
/home/swq/Code/Qwen2.5-VL/coco_2014_caption/image_000448.jpg,Image 449 from COCO dataset
/home/swq/Code/Qwen2.5-VL/coco_2014_caption/image_000449.jpg,Image 450 from COCO dataset
/home/swq/Code/Qwen2.5-VL/coco_2014_caption/image_000450.jpg,Image 451 from COCO dataset
/home/swq/Code/Qwen2.5-VL/coco_2014_caption/image_000451.jpg,Image 452 from COCO dataset
/home/swq/Code/Qwen2.5-VL/coco_2014_caption/image_000452.jpg,Image 453 from COCO dataset
/home/swq/Code/Qwen2.5-VL/coco_2014_caption/image_000453.jpg,Image 454 from COCO dataset
/home/swq/Code/Qwen2.5-VL/coco_2014_caption/image_000454.jpg,Image 455 from COCO dataset
/home/swq/Code/Qwen2.5-VL/coco_2014_caption/image_000455.jpg,Image 456 from COCO dataset
/home/swq/Code/Qwen2.5-VL/coco_2014_caption/image_000456.jpg,Image 457 from COCO dataset
/home/swq/Code/Qwen2.5-VL/coco_2014_caption/image_000457.jpg,Image 458 from COCO dataset
/home/swq/Code/Qwen2.5-VL/coco_2014_caption/image_000458.jpg,Image 459 from COCO dataset
/home/swq/Code/Qwen2.5-VL/coco_2014_caption/image_000459.jpg,Image 460 from COCO dataset
/home/swq/Code/Qwen2.5-VL/coco_2014_caption/image_000460.jpg,Image 461 from COCO dataset
/home/swq/Code/Qwen2.5-VL/coco_2014_caption/image_000461.jpg,Image 462 from COCO dataset
/home/swq/Code/Qwen2.5-VL/coco_2014_caption/image_000462.jpg,Image 463 from COCO dataset
/home/swq/Code/Qwen2.5-VL/coco_2014_caption/image_000463.jpg,Image 464 from COCO dataset
/home/swq/Code/Qwen2.5-VL/coco_2014_caption/image_000464.jpg,Image 465 from COCO dataset
/home/swq/Code/Qwen2.5-VL/coco_2014_caption/image_000465.jpg,Image 466 from COCO dataset
/home/swq/Code/Qwen2.5-VL/coco_2014_caption/image_000466.jpg,Image 467 from COCO dataset
/home/swq/Code/Qwen2.5-VL/coco_2014_caption/image_000467.jpg,Image 468 from COCO dataset
/home/swq/Code/Qwen2.5-VL/coco_2014_caption/image_000468.jpg,Image 469 from COCO dataset
/home/swq/Code/Qwen2.5-VL/coco_2014_caption/image_000469.jpg,Image 470 from COCO dataset
/home/swq/Code/Qwen2.5-VL/coco_2014_caption/image_000470.jpg,Image 471 from COCO dataset
/home/swq/Code/Qwen2.5-VL/coco_2014_caption/image_000471.jpg,Image 472 from COCO dataset
/home/swq/Code/Qwen2.5-VL/coco_2014_caption/image_000472.jpg,Image 473 from COCO dataset
/home/swq/Code/Qwen2.5-VL/coco_2014_caption/image_000473.jpg,Image 474 from COCO dataset
/home/swq/Code/Qwen2.5-VL/coco_2014_caption/image_000474.jpg,Image 475 from COCO dataset
/home/swq/Code/Qwen2.5-VL/coco_2014_caption/image_000475.jpg,Image 476 from COCO dataset
/home/swq/Code/Qwen2.5-VL/coco_2014_caption/image_000476.jpg,Image 477 from COCO dataset
/home/swq/Code/Qwen2.5-VL/coco_2014_caption/image_000477.jpg,Image 478 from COCO dataset
/home/swq/Code/Qwen2.5-VL/coco_2014_caption/image_000478.jpg,Image 479 from COCO dataset
/home/swq/Code/Qwen2.5-VL/coco_2014_caption/image_000479.jpg,Image 480 from COCO dataset
/home/swq/Code/Qwen2.5-VL/coco_2014_caption/image_000480.jpg,Image 481 from COCO dataset
/home/swq/Code/Qwen2.5-VL/coco_2014_caption/image_000481.jpg,Image 482 from COCO dataset
/home/swq/Code/Qwen2.5-VL/coco_2014_caption/image_000482.jpg,Image 483 from COCO dataset
/home/swq/Code/Qwen2.5-VL/coco_2014_caption/image_000483.jpg,Image 484 from COCO dataset
/home/swq/Code/Qwen2.5-VL/coco_2014_caption/image_000484.jpg,Image 485 from COCO dataset
/home/swq/Code/Qwen2.5-VL/coco_2014_caption/image_000485.jpg,Image 486 from COCO dataset
/home/swq/Code/Qwen2.5-VL/coco_2014_caption/image_000486.jpg,Image 487 from COCO dataset
/home/swq/Code/Qwen2.5-VL/coco_2014_caption/image_000487.jpg,Image 488 from COCO dataset
/home/swq/Code/Qwen2.5-VL/coco_2014_caption/image_000488.jpg,Image 489 from COCO dataset
/home/swq/Code/Qwen2.5-VL/coco_2014_caption/image_000489.jpg,Image 490 from COCO dataset
/home/swq/Code/Qwen2.5-VL/coco_2014_caption/image_000490.jpg,Image 491 from COCO dataset
/home/swq/Code/Qwen2.5-VL/coco_2014_caption/image_000491.jpg,Image 492 from COCO dataset
/home/swq/Code/Qwen2.5-VL/coco_2014_caption/image_000492.jpg,Image 493 from COCO dataset
/home/swq/Code/Qwen2.5-VL/coco_2014_caption/image_000493.jpg,Image 494 from COCO dataset
/home/swq/Code/Qwen2.5-VL/coco_2014_caption/image_000494.jpg,Image 495 from COCO dataset
/home/swq/Code/Qwen2.5-VL/coco_2014_caption/image_000495.jpg,Image 496 from COCO dataset
/home/swq/Code/Qwen2.5-VL/coco_2014_caption/image_000496.jpg,Image 497 from COCO dataset
/home/swq/Code/Qwen2.5-VL/coco_2014_caption/image_000497.jpg,Image 498 from COCO dataset
/home/swq/Code/Qwen2.5-VL/coco_2014_caption/image_000498.jpg,Image 499 from COCO dataset
/home/swq/Code/Qwen2.5-VL/coco_2014_caption/image_000499.jpg,Image 500 from COCO dataset
/home/swq/Code/Qwen2.5-VL/coco_2014_caption/image_000500.jpg,Image 501 from COCO dataset
/home/swq/Code/Qwen2.5-VL/coco_2014_caption/image_000501.jpg,Image 502 from COCO dataset
/home/swq/Code/Qwen2.5-VL/coco_2014_caption/image_000502.jpg,Image 503 from COCO dataset
/home/swq/Code/Qwen2.5-VL/coco_2014_caption/image_000503.jpg,Image 504 from COCO dataset
/home/swq/Code/Qwen2.5-VL/coco_2014_caption/image_000504.jpg,Image 505 from COCO dataset
/home/swq/Code/Qwen2.5-VL/coco_2014_caption/image_000505.jpg,Image 506 from COCO dataset
/home/swq/Code/Qwen2.5-VL/coco_2014_caption/image_000506.jpg,Image 507 from COCO dataset
/home/swq/Code/Qwen2.5-VL/coco_2014_caption/image_000507.jpg,Image 508 from COCO dataset
/home/swq/Code/Qwen2.5-VL/coco_2014_caption/image_000508.jpg,Image 509 from COCO dataset
/home/swq/Code/Qwen2.5-VL/coco_2014_caption/image_000509.jpg,Image 510 from COCO dataset
/home/swq/Code/Qwen2.5-VL/coco_2014_caption/image_000510.jpg,Image 511 from COCO dataset
/home/swq/Code/Qwen2.5-VL/coco_2014_caption/image_000511.jpg,Image 512 from COCO dataset
/home/swq/Code/Qwen2.5-VL/coco_2014_caption/image_000512.jpg,Image 513 from COCO dataset
/home/swq/Code/Qwen2.5-VL/coco_2014_caption/image_000513.jpg,Image 514 from COCO dataset
/home/swq/Code/Qwen2.5-VL/coco_2014_caption/image_000514.jpg,Image 515 from COCO dataset
/home/swq/Code/Qwen2.5-VL/coco_2014_caption/image_000515.jpg,Image 516 from COCO dataset
/home/swq/Code/Qwen2.5-VL/coco_2014_caption/image_000516.jpg,Image 517 from COCO dataset
/home/swq/Code/Qwen2.5-VL/coco_2014_caption/image_000517.jpg,Image 518 from COCO dataset
/home/swq/Code/Qwen2.5-VL/coco_2014_caption/image_000518.jpg,Image 519 from COCO dataset
/home/swq/Code/Qwen2.5-VL/coco_2014_caption/image_000519.jpg,Image 520 from COCO dataset
/home/swq/Code/Qwen2.5-VL/coco_2014_caption/image_000520.jpg,Image 521 from COCO dataset
/home/swq/Code/Qwen2.5-VL/coco_2014_caption/image_000521.jpg,Image 522 from COCO dataset
/home/swq/Code/Qwen2.5-VL/coco_2014_caption/image_000522.jpg,Image 523 from COCO dataset
/home/swq/Code/Qwen2.5-VL/coco_2014_caption/image_000523.jpg,Image 524 from COCO dataset
/home/swq/Code/Qwen2.5-VL/coco_2014_caption/image_000524.jpg,Image 525 from COCO dataset
/home/swq/Code/Qwen2.5-VL/coco_2014_caption/image_000525.jpg,Image 526 from COCO dataset
/home/swq/Code/Qwen2.5-VL/coco_2014_caption/image_000526.jpg,Image 527 from COCO dataset
/home/swq/Code/Qwen2.5-VL/coco_2014_caption/image_000527.jpg,Image 528 from COCO dataset
/home/swq/Code/Qwen2.5-VL/coco_2014_caption/image_000528.jpg,Image 529 from COCO dataset
/home/swq/Code/Qwen2.5-VL/coco_2014_caption/image_000529.jpg,Image 530 from COCO dataset
/home/swq/Code/Qwen2.5-VL/coco_2014_caption/image_000530.jpg,Image 531 from COCO dataset
/home/swq/Code/Qwen2.5-VL/coco_2014_caption/image_000531.jpg,Image 532 from COCO dataset
/home/swq/Code/Qwen2.5-VL/coco_2014_caption/image_000532.jpg,Image 533 from COCO dataset
/home/swq/Code/Qwen2.5-VL/coco_2014_caption/image_000533.jpg,Image 534 from COCO dataset
/home/swq/Code/Qwen2.5-VL/coco_2014_caption/image_000534.jpg,Image 535 from COCO dataset
/home/swq/Code/Qwen2.5-VL/coco_2014_caption/image_000535.jpg,Image 536 from COCO dataset
/home/swq/Code/Qwen2.5-VL/coco_2014_caption/image_000536.jpg,Image 537 from COCO dataset
/home/swq/Code/Qwen2.5-VL/coco_2014_caption/image_000537.jpg,Image 538 from COCO dataset
/home/swq/Code/Qwen2.5-VL/coco_2014_caption/image_000538.jpg,Image 539 from COCO dataset
/home/swq/Code/Qwen2.5-VL/coco_2014_caption/image_000539.jpg,Image 540 from COCO dataset
/home/swq/Code/Qwen2.5-VL/coco_2014_caption/image_000540.jpg,Image 541 from COCO dataset
/home/swq/Code/Qwen2.5-VL/coco_2014_caption/image_000541.jpg,Image 542 from COCO dataset
/home/swq/Code/Qwen2.5-VL/coco_2014_caption/image_000542.jpg,Image 543 from COCO dataset
/home/swq/Code/Qwen2.5-VL/coco_2014_caption/image_000543.jpg,Image 544 from COCO dataset
/home/swq/Code/Qwen2.5-VL/coco_2014_caption/image_000544.jpg,Image 545 from COCO dataset
/home/swq/Code/Qwen2.5-VL/coco_2014_caption/image_000545.jpg,Image 546 from COCO dataset
/home/swq/Code/Qwen2.5-VL/coco_2014_caption/image_000546.jpg,Image 547 from COCO dataset
/home/swq/Code/Qwen2.5-VL/coco_2014_caption/image_000547.jpg,Image 548 from COCO dataset
/home/swq/Code/Qwen2.5-VL/coco_2014_caption/image_000548.jpg,Image 549 from COCO dataset
/home/swq/Code/Qwen2.5-VL/coco_2014_caption/image_000549.jpg,Image 550 from COCO dataset
/home/swq/Code/Qwen2.5-VL/coco_2014_caption/image_000550.jpg,Image 551 from COCO dataset
/home/swq/Code/Qwen2.5-VL/coco_2014_caption/image_000551.jpg,Image 552 from COCO dataset
/home/swq/Code/Qwen2.5-VL/coco_2014_caption/image_000552.jpg,Image 553 from COCO dataset
/home/swq/Code/Qwen2.5-VL/coco_2014_caption/image_000553.jpg,Image 554 from COCO dataset
/home/swq/Code/Qwen2.5-VL/coco_2014_caption/image_000554.jpg,Image 555 from COCO dataset
/home/swq/Code/Qwen2.5-VL/coco_2014_caption/image_000555.jpg,Image 556 from COCO dataset
/home/swq/Code/Qwen2.5-VL/coco_2014_caption/image_000556.jpg,Image 557 from COCO dataset
/home/swq/Code/Qwen2.5-VL/coco_2014_caption/image_000557.jpg,Image 558 from COCO dataset
/home/swq/Code/Qwen2.5-VL/coco_2014_caption/image_000558.jpg,Image 559 from COCO dataset
/home/swq/Code/Qwen2.5-VL/coco_2014_caption/image_000559.jpg,Image 560 from COCO dataset
/home/swq/Code/Qwen2.5-VL/coco_2014_caption/image_000560.jpg,Image 561 from COCO dataset
/home/swq/Code/Qwen2.5-VL/coco_2014_caption/image_000561.jpg,Image 562 from COCO dataset
/home/swq/Code/Qwen2.5-VL/coco_2014_caption/image_000562.jpg,Image 563 from COCO dataset
/home/swq/Code/Qwen2.5-VL/coco_2014_caption/image_000563.jpg,Image 564 from COCO dataset
/home/swq/Code/Qwen2.5-VL/coco_2014_caption/image_000564.jpg,Image 565 from COCO dataset
/home/swq/Code/Qwen2.5-VL/coco_2014_caption/image_000565.jpg,Image 566 from COCO dataset
/home/swq/Code/Qwen2.5-VL/coco_2014_caption/image_000566.jpg,Image 567 from COCO dataset
/home/swq/Code/Qwen2.5-VL/coco_2014_caption/image_000567.jpg,Image 568 from COCO dataset
/home/swq/Code/Qwen2.5-VL/coco_2014_caption/image_000568.jpg,Image 569 from COCO dataset
/home/swq/Code/Qwen2.5-VL/coco_2014_caption/image_000569.jpg,Image 570 from COCO dataset
/home/swq/Code/Qwen2.5-VL/coco_2014_caption/image_000570.jpg,Image 571 from COCO dataset
/home/swq/Code/Qwen2.5-VL/coco_2014_caption/image_000571.jpg,Image 572 from COCO dataset
/home/swq/Code/Qwen2.5-VL/coco_2014_caption/image_000572.jpg,Image 573 from COCO dataset
/home/swq/Code/Qwen2.5-VL/coco_2014_caption/image_000573.jpg,Image 574 from COCO dataset
/home/swq/Code/Qwen2.5-VL/coco_2014_caption/image_000574.jpg,Image 575 from COCO dataset
/home/swq/Code/Qwen2.5-VL/coco_2014_caption/image_000575.jpg,Image 576 from COCO dataset
/home/swq/Code/Qwen2.5-VL/coco_2014_caption/image_000576.jpg,Image 577 from COCO dataset
/home/swq/Code/Qwen2.5-VL/coco_2014_caption/image_000577.jpg,Image 578 from COCO dataset
/home/swq/Code/Qwen2.5-VL/coco_2014_caption/image_000578.jpg,Image 579 from COCO dataset
/home/swq/Code/Qwen2.5-VL/coco_2014_caption/image_000579.jpg,Image 580 from COCO dataset
/home/swq/Code/Qwen2.5-VL/coco_2014_caption/image_000580.jpg,Image 581 from COCO dataset
/home/swq/Code/Qwen2.5-VL/coco_2014_caption/image_000581.jpg,Image 582 from COCO dataset
/home/swq/Code/Qwen2.5-VL/coco_2014_caption/image_000582.jpg,Image 583 from COCO dataset
/home/swq/Code/Qwen2.5-VL/coco_2014_caption/image_000583.jpg,Image 584 from COCO dataset
/home/swq/Code/Qwen2.5-VL/coco_2014_caption/image_000584.jpg,Image 585 from COCO dataset
/home/swq/Code/Qwen2.5-VL/coco_2014_caption/image_000585.jpg,Image 586 from COCO dataset
/home/swq/Code/Qwen2.5-VL/coco_2014_caption/image_000586.jpg,Image 587 from COCO dataset
/home/swq/Code/Qwen2.5-VL/coco_2014_caption/image_000587.jpg,Image 588 from COCO dataset
/home/swq/Code/Qwen2.5-VL/coco_2014_caption/image_000588.jpg,Image 589 from COCO dataset
/home/swq/Code/Qwen2.5-VL/coco_2014_caption/image_000589.jpg,Image 590 from COCO dataset
/home/swq/Code/Qwen2.5-VL/coco_2014_caption/image_000590.jpg,Image 591 from COCO dataset
/home/swq/Code/Qwen2.5-VL/coco_2014_caption/image_000591.jpg,Image 592 from COCO dataset
/home/swq/Code/Qwen2.5-VL/coco_2014_caption/image_000592.jpg,Image 593 from COCO dataset
/home/swq/Code/Qwen2.5-VL/coco_2014_caption/image_000593.jpg,Image 594 from COCO dataset
/home/swq/Code/Qwen2.5-VL/coco_2014_caption/image_000594.jpg,Image 595 from COCO dataset
/home/swq/Code/Qwen2.5-VL/coco_2014_caption/image_000595.jpg,Image 596 from COCO dataset
/home/swq/Code/Qwen2.5-VL/coco_2014_caption/image_000596.jpg,Image 597 from COCO dataset
/home/swq/Code/Qwen2.5-VL/coco_2014_caption/image_000597.jpg,Image 598 from COCO dataset
/home/swq/Code/Qwen2.5-VL/coco_2014_caption/image_000598.jpg,Image 599 from COCO dataset
/home/swq/Code/Qwen2.5-VL/coco_2014_caption/image_000599.jpg,Image 600 from COCO dataset
/home/swq/Code/Qwen2.5-VL/coco_2014_caption/image_000600.jpg,Image 601 from COCO dataset
/home/swq/Code/Qwen2.5-VL/coco_2014_caption/image_000601.jpg,Image 602 from COCO dataset
/home/swq/Code/Qwen2.5-VL/coco_2014_caption/image_000602.jpg,Image 603 from COCO dataset
/home/swq/Code/Qwen2.5-VL/coco_2014_caption/image_000603.jpg,Image 604 from COCO dataset
/home/swq/Code/Qwen2.5-VL/coco_2014_caption/image_000604.jpg,Image 605 from COCO dataset
/home/swq/Code/Qwen2.5-VL/coco_2014_caption/image_000605.jpg,Image 606 from COCO dataset
/home/swq/Code/Qwen2.5-VL/coco_2014_caption/image_000606.jpg,Image 607 from COCO dataset
/home/swq/Code/Qwen2.5-VL/coco_2014_caption/image_000607.jpg,Image 608 from COCO dataset
/home/swq/Code/Qwen2.5-VL/coco_2014_caption/image_000608.jpg,Image 609 from COCO dataset
/home/swq/Code/Qwen2.5-VL/coco_2014_caption/image_000609.jpg,Image 610 from COCO dataset
/home/swq/Code/Qwen2.5-VL/coco_2014_caption/image_000610.jpg,Image 611 from COCO dataset
/home/swq/Code/Qwen2.5-VL/coco_2014_caption/image_000611.jpg,Image 612 from COCO dataset
/home/swq/Code/Qwen2.5-VL/coco_2014_caption/image_000612.jpg,Image 613 from COCO dataset
/home/swq/Code/Qwen2.5-VL/coco_2014_caption/image_000613.jpg,Image 614 from COCO dataset
/home/swq/Code/Qwen2.5-VL/coco_2014_caption/image_000614.jpg,Image 615 from COCO dataset
/home/swq/Code/Qwen2.5-VL/coco_2014_caption/image_000615.jpg,Image 616 from COCO dataset
/home/swq/Code/Qwen2.5-VL/coco_2014_caption/image_000616.jpg,Image 617 from COCO dataset
/home/swq/Code/Qwen2.5-VL/coco_2014_caption/image_000617.jpg,Image 618 from COCO dataset
/home/swq/Code/Qwen2.5-VL/coco_2014_caption/image_000618.jpg,Image 619 from COCO dataset
/home/swq/Code/Qwen2.5-VL/coco_2014_caption/image_000619.jpg,Image 620 from COCO dataset
/home/swq/Code/Qwen2.5-VL/coco_2014_caption/image_000620.jpg,Image 621 from COCO dataset
/home/swq/Code/Qwen2.5-VL/coco_2014_caption/image_000621.jpg,Image 622 from COCO dataset
/home/swq/Code/Qwen2.5-VL/coco_2014_caption/image_000622.jpg,Image 623 from COCO dataset
/home/swq/Code/Qwen2.5-VL/coco_2014_caption/image_000623.jpg,Image 624 from COCO dataset
/home/swq/Code/Qwen2.5-VL/coco_2014_caption/image_000624.jpg,Image 625 from COCO dataset
/home/swq/Code/Qwen2.5-VL/coco_2014_caption/image_000625.jpg,Image 626 from COCO dataset
/home/swq/Code/Qwen2.5-VL/coco_2014_caption/image_000626.jpg,Image 627 from COCO dataset
/home/swq/Code/Qwen2.5-VL/coco_2014_caption/image_000627.jpg,Image 628 from COCO dataset
/home/swq/Code/Qwen2.5-VL/coco_2014_caption/image_000628.jpg,Image 629 from COCO dataset
/home/swq/Code/Qwen2.5-VL/coco_2014_caption/image_000629.jpg,Image 630 from COCO dataset
/home/swq/Code/Qwen2.5-VL/coco_2014_caption/image_000630.jpg,Image 631 from COCO dataset
/home/swq/Code/Qwen2.5-VL/coco_2014_caption/image_000631.jpg,Image 632 from COCO dataset
/home/swq/Code/Qwen2.5-VL/coco_2014_caption/image_000632.jpg,Image 633 from COCO dataset
/home/swq/Code/Qwen2.5-VL/coco_2014_caption/image_000633.jpg,Image 634 from COCO dataset
/home/swq/Code/Qwen2.5-VL/coco_2014_caption/image_000634.jpg,Image 635 from COCO dataset
/home/swq/Code/Qwen2.5-VL/coco_2014_caption/image_000635.jpg,Image 636 from COCO dataset
/home/swq/Code/Qwen2.5-VL/coco_2014_caption/image_000636.jpg,Image 637 from COCO dataset
/home/swq/Code/Qwen2.5-VL/coco_2014_caption/image_000637.jpg,Image 638 from COCO dataset
/home/swq/Code/Qwen2.5-VL/coco_2014_caption/image_000638.jpg,Image 639 from COCO dataset
/home/swq/Code/Qwen2.5-VL/coco_2014_caption/image_000639.jpg,Image 640 from COCO dataset
/home/swq/Code/Qwen2.5-VL/coco_2014_caption/image_000640.jpg,Image 641 from COCO dataset
/home/swq/Code/Qwen2.5-VL/coco_2014_caption/image_000641.jpg,Image 642 from COCO dataset
/home/swq/Code/Qwen2.5-VL/coco_2014_caption/image_000642.jpg,Image 643 from COCO dataset
/home/swq/Code/Qwen2.5-VL/coco_2014_caption/image_000643.jpg,Image 644 from COCO dataset
/home/swq/Code/Qwen2.5-VL/coco_2014_caption/image_000644.jpg,Image 645 from COCO dataset
/home/swq/Code/Qwen2.5-VL/coco_2014_caption/image_000645.jpg,Image 646 from COCO dataset
/home/swq/Code/Qwen2.5-VL/coco_2014_caption/image_000646.jpg,Image 647 from COCO dataset
/home/swq/Code/Qwen2.5-VL/coco_2014_caption/image_000647.jpg,Image 648 from COCO dataset
/home/swq/Code/Qwen2.5-VL/coco_2014_caption/image_000648.jpg,Image 649 from COCO dataset
/home/swq/Code/Qwen2.5-VL/coco_2014_caption/image_000649.jpg,Image 650 from COCO dataset
/home/swq/Code/Qwen2.5-VL/coco_2014_caption/image_000650.jpg,Image 651 from COCO dataset
/home/swq/Code/Qwen2.5-VL/coco_2014_caption/image_000651.jpg,Image 652 from COCO dataset
/home/swq/Code/Qwen2.5-VL/coco_2014_caption/image_000652.jpg,Image 653 from COCO dataset
/home/swq/Code/Qwen2.5-VL/coco_2014_caption/image_000653.jpg,Image 654 from COCO dataset
/home/swq/Code/Qwen2.5-VL/coco_2014_caption/image_000654.jpg,Image 655 from COCO dataset
/home/swq/Code/Qwen2.5-VL/coco_2014_caption/image_000655.jpg,Image 656 from COCO dataset
/home/swq/Code/Qwen2.5-VL/coco_2014_caption/image_000656.jpg,Image 657 from COCO dataset
/home/swq/Code/Qwen2.5-VL/coco_2014_caption/image_000657.jpg,Image 658 from COCO dataset
/home/swq/Code/Qwen2.5-VL/coco_2014_caption/image_000658.jpg,Image 659 from COCO dataset
/home/swq/Code/Qwen2.5-VL/coco_2014_caption/image_000659.jpg,Image 660 from COCO dataset
/home/swq/Code/Qwen2.5-VL/coco_2014_caption/image_000660.jpg,Image 661 from COCO dataset
/home/swq/Code/Qwen2.5-VL/coco_2014_caption/image_000661.jpg,Image 662 from COCO dataset
/home/swq/Code/Qwen2.5-VL/coco_2014_caption/image_000662.jpg,Image 663 from COCO dataset
/home/swq/Code/Qwen2.5-VL/coco_2014_caption/image_000663.jpg,Image 664 from COCO dataset
/home/swq/Code/Qwen2.5-VL/coco_2014_caption/image_000664.jpg,Image 665 from COCO dataset
/home/swq/Code/Qwen2.5-VL/coco_2014_caption/image_000665.jpg,Image 666 from COCO dataset
/home/swq/Code/Qwen2.5-VL/coco_2014_caption/image_000666.jpg,Image 667 from COCO dataset
/home/swq/Code/Qwen2.5-VL/coco_2014_caption/image_000667.jpg,Image 668 from COCO dataset
/home/swq/Code/Qwen2.5-VL/coco_2014_caption/image_000668.jpg,Image 669 from COCO dataset
/home/swq/Code/Qwen2.5-VL/coco_2014_caption/image_000669.jpg,Image 670 from COCO dataset
/home/swq/Code/Qwen2.5-VL/coco_2014_caption/image_000670.jpg,Image 671 from COCO dataset
/home/swq/Code/Qwen2.5-VL/coco_2014_caption/image_000671.jpg,Image 672 from COCO dataset
/home/swq/Code/Qwen2.5-VL/coco_2014_caption/image_000672.jpg,Image 673 from COCO dataset
/home/swq/Code/Qwen2.5-VL/coco_2014_caption/image_000673.jpg,Image 674 from COCO dataset
/home/swq/Code/Qwen2.5-VL/coco_2014_caption/image_000674.jpg,Image 675 from COCO dataset
/home/swq/Code/Qwen2.5-VL/coco_2014_caption/image_000675.jpg,Image 676 from COCO dataset
/home/swq/Code/Qwen2.5-VL/coco_2014_caption/image_000676.jpg,Image 677 from COCO dataset
/home/swq/Code/Qwen2.5-VL/coco_2014_caption/image_000677.jpg,Image 678 from COCO dataset
/home/swq/Code/Qwen2.5-VL/coco_2014_caption/image_000678.jpg,Image 679 from COCO dataset
/home/swq/Code/Qwen2.5-VL/coco_2014_caption/image_000679.jpg,Image 680 from COCO dataset
/home/swq/Code/Qwen2.5-VL/coco_2014_caption/image_000680.jpg,Image 681 from COCO dataset
/home/swq/Code/Qwen2.5-VL/coco_2014_caption/image_000681.jpg,Image 682 from COCO dataset
/home/swq/Code/Qwen2.5-VL/coco_2014_caption/image_000682.jpg,Image 683 from COCO dataset
/home/swq/Code/Qwen2.5-VL/coco_2014_caption/image_000683.jpg,Image 684 from COCO dataset
/home/swq/Code/Qwen2.5-VL/coco_2014_caption/image_000684.jpg,Image 685 from COCO dataset
/home/swq/Code/Qwen2.5-VL/coco_2014_caption/image_000685.jpg,Image 686 from COCO dataset
/home/swq/Code/Qwen2.5-VL/coco_2014_caption/image_000686.jpg,Image 687 from COCO dataset
/home/swq/Code/Qwen2.5-VL/coco_2014_caption/image_000687.jpg,Image 688 from COCO dataset
/home/swq/Code/Qwen2.5-VL/coco_2014_caption/image_000688.jpg,Image 689 from COCO dataset
/home/swq/Code/Qwen2.5-VL/coco_2014_caption/image_000689.jpg,Image 690 from COCO dataset
/home/swq/Code/Qwen2.5-VL/coco_2014_caption/image_000690.jpg,Image 691 from COCO dataset
/home/swq/Code/Qwen2.5-VL/coco_2014_caption/image_000691.jpg,Image 692 from COCO dataset
/home/swq/Code/Qwen2.5-VL/coco_2014_caption/image_000692.jpg,Image 693 from COCO dataset
/home/swq/Code/Qwen2.5-VL/coco_2014_caption/image_000693.jpg,Image 694 from COCO dataset
/home/swq/Code/Qwen2.5-VL/coco_2014_caption/image_000694.jpg,Image 695 from COCO dataset
/home/swq/Code/Qwen2.5-VL/coco_2014_caption/image_000695.jpg,Image 696 from COCO dataset
/home/swq/Code/Qwen2.5-VL/coco_2014_caption/image_000696.jpg,Image 697 from COCO dataset
/home/swq/Code/Qwen2.5-VL/coco_2014_caption/image_000697.jpg,Image 698 from COCO dataset
/home/swq/Code/Qwen2.5-VL/coco_2014_caption/image_000698.jpg,Image 699 from COCO dataset
/home/swq/Code/Qwen2.5-VL/coco_2014_caption/image_000699.jpg,Image 700 from COCO dataset
/home/swq/Code/Qwen2.5-VL/coco_2014_caption/image_000700.jpg,Image 701 from COCO dataset
/home/swq/Code/Qwen2.5-VL/coco_2014_caption/image_000701.jpg,Image 702 from COCO dataset
/home/swq/Code/Qwen2.5-VL/coco_2014_caption/image_000702.jpg,Image 703 from COCO dataset
/home/swq/Code/Qwen2.5-VL/coco_2014_caption/image_000703.jpg,Image 704 from COCO dataset
/home/swq/Code/Qwen2.5-VL/coco_2014_caption/image_000704.jpg,Image 705 from COCO dataset
/home/swq/Code/Qwen2.5-VL/coco_2014_caption/image_000705.jpg,Image 706 from COCO dataset
/home/swq/Code/Qwen2.5-VL/coco_2014_caption/image_000706.jpg,Image 707 from COCO dataset
/home/swq/Code/Qwen2.5-VL/coco_2014_caption/image_000707.jpg,Image 708 from COCO dataset
/home/swq/Code/Qwen2.5-VL/coco_2014_caption/image_000708.jpg,Image 709 from COCO dataset
/home/swq/Code/Qwen2.5-VL/coco_2014_caption/image_000709.jpg,Image 710 from COCO dataset
/home/swq/Code/Qwen2.5-VL/coco_2014_caption/image_000710.jpg,Image 711 from COCO dataset
/home/swq/Code/Qwen2.5-VL/coco_2014_caption/image_000711.jpg,Image 712 from COCO dataset
/home/swq/Code/Qwen2.5-VL/coco_2014_caption/image_000712.jpg,Image 713 from COCO dataset
/home/swq/Code/Qwen2.5-VL/coco_2014_caption/image_000713.jpg,Image 714 from COCO dataset
/home/swq/Code/Qwen2.5-VL/coco_2014_caption/image_000714.jpg,Image 715 from COCO dataset
/home/swq/Code/Qwen2.5-VL/coco_2014_caption/image_000715.jpg,Image 716 from COCO dataset
/home/swq/Code/Qwen2.5-VL/coco_2014_caption/image_000716.jpg,Image 717 from COCO dataset
/home/swq/Code/Qwen2.5-VL/coco_2014_caption/image_000717.jpg,Image 718 from COCO dataset
/home/swq/Code/Qwen2.5-VL/coco_2014_caption/image_000718.jpg,Image 719 from COCO dataset
/home/swq/Code/Qwen2.5-VL/coco_2014_caption/image_000719.jpg,Image 720 from COCO dataset
/home/swq/Code/Qwen2.5-VL/coco_2014_caption/image_000720.jpg,Image 721 from COCO dataset
/home/swq/Code/Qwen2.5-VL/coco_2014_caption/image_000721.jpg,Image 722 from COCO dataset
/home/swq/Code/Qwen2.5-VL/coco_2014_caption/image_000722.jpg,Image 723 from COCO dataset
/home/swq/Code/Qwen2.5-VL/coco_2014_caption/image_000723.jpg,Image 724 from COCO dataset
/home/swq/Code/Qwen2.5-VL/coco_2014_caption/image_000724.jpg,Image 725 from COCO dataset
/home/swq/Code/Qwen2.5-VL/coco_2014_caption/image_000725.jpg,Image 726 from COCO dataset
/home/swq/Code/Qwen2.5-VL/coco_2014_caption/image_000726.jpg,Image 727 from COCO dataset
/home/swq/Code/Qwen2.5-VL/coco_2014_caption/image_000727.jpg,Image 728 from COCO dataset
/home/swq/Code/Qwen2.5-VL/coco_2014_caption/image_000728.jpg,Image 729 from COCO dataset
/home/swq/Code/Qwen2.5-VL/coco_2014_caption/image_000729.jpg,Image 730 from COCO dataset
/home/swq/Code/Qwen2.5-VL/coco_2014_caption/image_000730.jpg,Image 731 from COCO dataset
/home/swq/Code/Qwen2.5-VL/coco_2014_caption/image_000731.jpg,Image 732 from COCO dataset
/home/swq/Code/Qwen2.5-VL/coco_2014_caption/image_000732.jpg,Image 733 from COCO dataset
/home/swq/Code/Qwen2.5-VL/coco_2014_caption/image_000733.jpg,Image 734 from COCO dataset
/home/swq/Code/Qwen2.5-VL/coco_2014_caption/image_000734.jpg,Image 735 from COCO dataset
/home/swq/Code/Qwen2.5-VL/coco_2014_caption/image_000735.jpg,Image 736 from COCO dataset
/home/swq/Code/Qwen2.5-VL/coco_2014_caption/image_000736.jpg,Image 737 from COCO dataset
/home/swq/Code/Qwen2.5-VL/coco_2014_caption/image_000737.jpg,Image 738 from COCO dataset
/home/swq/Code/Qwen2.5-VL/coco_2014_caption/image_000738.jpg,Image 739 from COCO dataset
/home/swq/Code/Qwen2.5-VL/coco_2014_caption/image_000739.jpg,Image 740 from COCO dataset
/home/swq/Code/Qwen2.5-VL/coco_2014_caption/image_000740.jpg,Image 741 from COCO dataset
/home/swq/Code/Qwen2.5-VL/coco_2014_caption/image_000741.jpg,Image 742 from COCO dataset
/home/swq/Code/Qwen2.5-VL/coco_2014_caption/image_000742.jpg,Image 743 from COCO dataset
/home/swq/Code/Qwen2.5-VL/coco_2014_caption/image_000743.jpg,Image 744 from COCO dataset
/home/swq/Code/Qwen2.5-VL/coco_2014_caption/image_000744.jpg,Image 745 from COCO dataset
/home/swq/Code/Qwen2.5-VL/coco_2014_caption/image_000745.jpg,Image 746 from COCO dataset
/home/swq/Code/Qwen2.5-VL/coco_2014_caption/image_000746.jpg,Image 747 from COCO dataset
/home/swq/Code/Qwen2.5-VL/coco_2014_caption/image_000747.jpg,Image 748 from COCO dataset
/home/swq/Code/Qwen2.5-VL/coco_2014_caption/image_000748.jpg,Image 749 from COCO dataset
/home/swq/Code/Qwen2.5-VL/coco_2014_caption/image_000749.jpg,Image 750 from COCO dataset
/home/swq/Code/Qwen2.5-VL/coco_2014_caption/image_000750.jpg,Image 751 from COCO dataset
/home/swq/Code/Qwen2.5-VL/coco_2014_caption/image_000751.jpg,Image 752 from COCO dataset
/home/swq/Code/Qwen2.5-VL/coco_2014_caption/image_000752.jpg,Image 753 from COCO dataset
/home/swq/Code/Qwen2.5-VL/coco_2014_caption/image_000753.jpg,Image 754 from COCO dataset
/home/swq/Code/Qwen2.5-VL/coco_2014_caption/image_000754.jpg,Image 755 from COCO dataset
/home/swq/Code/Qwen2.5-VL/coco_2014_caption/image_000755.jpg,Image 756 from COCO dataset
/home/swq/Code/Qwen2.5-VL/coco_2014_caption/image_000756.jpg,Image 757 from COCO dataset
/home/swq/Code/Qwen2.5-VL/coco_2014_caption/image_000757.jpg,Image 758 from COCO dataset
/home/swq/Code/Qwen2.5-VL/coco_2014_caption/image_000758.jpg,Image 759 from COCO dataset
/home/swq/Code/Qwen2.5-VL/coco_2014_caption/image_000759.jpg,Image 760 from COCO dataset
/home/swq/Code/Qwen2.5-VL/coco_2014_caption/image_000760.jpg,Image 761 from COCO dataset
/home/swq/Code/Qwen2.5-VL/coco_2014_caption/image_000761.jpg,Image 762 from COCO dataset
/home/swq/Code/Qwen2.5-VL/coco_2014_caption/image_000762.jpg,Image 763 from COCO dataset
/home/swq/Code/Qwen2.5-VL/coco_2014_caption/image_000763.jpg,Image 764 from COCO dataset
/home/swq/Code/Qwen2.5-VL/coco_2014_caption/image_000764.jpg,Image 765 from COCO dataset
/home/swq/Code/Qwen2.5-VL/coco_2014_caption/image_000765.jpg,Image 766 from COCO dataset
/home/swq/Code/Qwen2.5-VL/coco_2014_caption/image_000766.jpg,Image 767 from COCO dataset
/home/swq/Code/Qwen2.5-VL/coco_2014_caption/image_000767.jpg,Image 768 from COCO dataset
/home/swq/Code/Qwen2.5-VL/coco_2014_caption/image_000768.jpg,Image 769 from COCO dataset
/home/swq/Code/Qwen2.5-VL/coco_2014_caption/image_000769.jpg,Image 770 from COCO dataset
/home/swq/Code/Qwen2.5-VL/coco_2014_caption/image_000770.jpg,Image 771 from COCO dataset
/home/swq/Code/Qwen2.5-VL/coco_2014_caption/image_000771.jpg,Image 772 from COCO dataset
/home/swq/Code/Qwen2.5-VL/coco_2014_caption/image_000772.jpg,Image 773 from COCO dataset
/home/swq/Code/Qwen2.5-VL/coco_2014_caption/image_000773.jpg,Image 774 from COCO dataset
/home/swq/Code/Qwen2.5-VL/coco_2014_caption/image_000774.jpg,Image 775 from COCO dataset
/home/swq/Code/Qwen2.5-VL/coco_2014_caption/image_000775.jpg,Image 776 from COCO dataset
/home/swq/Code/Qwen2.5-VL/coco_2014_caption/image_000776.jpg,Image 777 from COCO dataset
/home/swq/Code/Qwen2.5-VL/coco_2014_caption/image_000777.jpg,Image 778 from COCO dataset
/home/swq/Code/Qwen2.5-VL/coco_2014_caption/image_000778.jpg,Image 779 from COCO dataset
/home/swq/Code/Qwen2.5-VL/coco_2014_caption/image_000779.jpg,Image 780 from COCO dataset
/home/swq/Code/Qwen2.5-VL/coco_2014_caption/image_000780.jpg,Image 781 from COCO dataset
/home/swq/Code/Qwen2.5-VL/coco_2014_caption/image_000781.jpg,Image 782 from COCO dataset
/home/swq/Code/Qwen2.5-VL/coco_2014_caption/image_000782.jpg,Image 783 from COCO dataset
/home/swq/Code/Qwen2.5-VL/coco_2014_caption/image_000783.jpg,Image 784 from COCO dataset
/home/swq/Code/Qwen2.5-VL/coco_2014_caption/image_000784.jpg,Image 785 from COCO dataset
/home/swq/Code/Qwen2.5-VL/coco_2014_caption/image_000785.jpg,Image 786 from COCO dataset
/home/swq/Code/Qwen2.5-VL/coco_2014_caption/image_000786.jpg,Image 787 from COCO dataset
/home/swq/Code/Qwen2.5-VL/coco_2014_caption/image_000787.jpg,Image 788 from COCO dataset
/home/swq/Code/Qwen2.5-VL/coco_2014_caption/image_000788.jpg,Image 789 from COCO dataset
/home/swq/Code/Qwen2.5-VL/coco_2014_caption/image_000789.jpg,Image 790 from COCO dataset
/home/swq/Code/Qwen2.5-VL/coco_2014_caption/image_000790.jpg,Image 791 from COCO dataset
/home/swq/Code/Qwen2.5-VL/coco_2014_caption/image_000791.jpg,Image 792 from COCO dataset
/home/swq/Code/Qwen2.5-VL/coco_2014_caption/image_000792.jpg,Image 793 from COCO dataset
/home/swq/Code/Qwen2.5-VL/coco_2014_caption/image_000793.jpg,Image 794 from COCO dataset
/home/swq/Code/Qwen2.5-VL/coco_2014_caption/image_000794.jpg,Image 795 from COCO dataset
/home/swq/Code/Qwen2.5-VL/coco_2014_caption/image_000795.jpg,Image 796 from COCO dataset
/home/swq/Code/Qwen2.5-VL/coco_2014_caption/image_000796.jpg,Image 797 from COCO dataset
/home/swq/Code/Qwen2.5-VL/coco_2014_caption/image_000797.jpg,Image 798 from COCO dataset
/home/swq/Code/Qwen2.5-VL/coco_2014_caption/image_000798.jpg,Image 799 from COCO dataset
/home/swq/Code/Qwen2.5-VL/coco_2014_caption/image_000799.jpg,Image 800 from COCO dataset
/home/swq/Code/Qwen2.5-VL/coco_2014_caption/image_000800.jpg,Image 801 from COCO dataset
/home/swq/Code/Qwen2.5-VL/coco_2014_caption/image_000801.jpg,Image 802 from COCO dataset
/home/swq/Code/Qwen2.5-VL/coco_2014_caption/image_000802.jpg,Image 803 from COCO dataset
/home/swq/Code/Qwen2.5-VL/coco_2014_caption/image_000803.jpg,Image 804 from COCO dataset
/home/swq/Code/Qwen2.5-VL/coco_2014_caption/image_000804.jpg,Image 805 from COCO dataset
/home/swq/Code/Qwen2.5-VL/coco_2014_caption/image_000805.jpg,Image 806 from COCO dataset
/home/swq/Code/Qwen2.5-VL/coco_2014_caption/image_000806.jpg,Image 807 from COCO dataset
/home/swq/Code/Qwen2.5-VL/coco_2014_caption/image_000807.jpg,Image 808 from COCO dataset
/home/swq/Code/Qwen2.5-VL/coco_2014_caption/image_000808.jpg,Image 809 from COCO dataset
/home/swq/Code/Qwen2.5-VL/coco_2014_caption/image_000809.jpg,Image 810 from COCO dataset
/home/swq/Code/Qwen2.5-VL/coco_2014_caption/image_000810.jpg,Image 811 from COCO dataset
/home/swq/Code/Qwen2.5-VL/coco_2014_caption/image_000811.jpg,Image 812 from COCO dataset
/home/swq/Code/Qwen2.5-VL/coco_2014_caption/image_000812.jpg,Image 813 from COCO dataset
/home/swq/Code/Qwen2.5-VL/coco_2014_caption/image_000813.jpg,Image 814 from COCO dataset
/home/swq/Code/Qwen2.5-VL/coco_2014_caption/image_000814.jpg,Image 815 from COCO dataset
/home/swq/Code/Qwen2.5-VL/coco_2014_caption/image_000815.jpg,Image 816 from COCO dataset
/home/swq/Code/Qwen2.5-VL/coco_2014_caption/image_000816.jpg,Image 817 from COCO dataset
/home/swq/Code/Qwen2.5-VL/coco_2014_caption/image_000817.jpg,Image 818 from COCO dataset
/home/swq/Code/Qwen2.5-VL/coco_2014_caption/image_000818.jpg,Image 819 from COCO dataset
/home/swq/Code/Qwen2.5-VL/coco_2014_caption/image_000819.jpg,Image 820 from COCO dataset
/home/swq/Code/Qwen2.5-VL/coco_2014_caption/image_000820.jpg,Image 821 from COCO dataset
/home/swq/Code/Qwen2.5-VL/coco_2014_caption/image_000821.jpg,Image 822 from COCO dataset
/home/swq/Code/Qwen2.5-VL/coco_2014_caption/image_000822.jpg,Image 823 from COCO dataset
/home/swq/Code/Qwen2.5-VL/coco_2014_caption/image_000823.jpg,Image 824 from COCO dataset
/home/swq/Code/Qwen2.5-VL/coco_2014_caption/image_000824.jpg,Image 825 from COCO dataset
/home/swq/Code/Qwen2.5-VL/coco_2014_caption/image_000825.jpg,Image 826 from COCO dataset
/home/swq/Code/Qwen2.5-VL/coco_2014_caption/image_000826.jpg,Image 827 from COCO dataset
/home/swq/Code/Qwen2.5-VL/coco_2014_caption/image_000827.jpg,Image 828 from COCO dataset
/home/swq/Code/Qwen2.5-VL/coco_2014_caption/image_000828.jpg,Image 829 from COCO dataset
/home/swq/Code/Qwen2.5-VL/coco_2014_caption/image_000829.jpg,Image 830 from COCO dataset
/home/swq/Code/Qwen2.5-VL/coco_2014_caption/image_000830.jpg,Image 831 from COCO dataset
/home/swq/Code/Qwen2.5-VL/coco_2014_caption/image_000831.jpg,Image 832 from COCO dataset
/home/swq/Code/Qwen2.5-VL/coco_2014_caption/image_000832.jpg,Image 833 from COCO dataset
/home/swq/Code/Qwen2.5-VL/coco_2014_caption/image_000833.jpg,Image 834 from COCO dataset
/home/swq/Code/Qwen2.5-VL/coco_2014_caption/image_000834.jpg,Image 835 from COCO dataset
/home/swq/Code/Qwen2.5-VL/coco_2014_caption/image_000835.jpg,Image 836 from COCO dataset
/home/swq/Code/Qwen2.5-VL/coco_2014_caption/image_000836.jpg,Image 837 from COCO dataset
/home/swq/Code/Qwen2.5-VL/coco_2014_caption/image_000837.jpg,Image 838 from COCO dataset
/home/swq/Code/Qwen2.5-VL/coco_2014_caption/image_000838.jpg,Image 839 from COCO dataset
/home/swq/Code/Qwen2.5-VL/coco_2014_caption/image_000839.jpg,Image 840 from COCO dataset
/home/swq/Code/Qwen2.5-VL/coco_2014_caption/image_000840.jpg,Image 841 from COCO dataset
/home/swq/Code/Qwen2.5-VL/coco_2014_caption/image_000841.jpg,Image 842 from COCO dataset
/home/swq/Code/Qwen2.5-VL/coco_2014_caption/image_000842.jpg,Image 843 from COCO dataset
/home/swq/Code/Qwen2.5-VL/coco_2014_caption/image_000843.jpg,Image 844 from COCO dataset
/home/swq/Code/Qwen2.5-VL/coco_2014_caption/image_000844.jpg,Image 845 from COCO dataset
/home/swq/Code/Qwen2.5-VL/coco_2014_caption/image_000845.jpg,Image 846 from COCO dataset
/home/swq/Code/Qwen2.5-VL/coco_2014_caption/image_000846.jpg,Image 847 from COCO dataset
/home/swq/Code/Qwen2.5-VL/coco_2014_caption/image_000847.jpg,Image 848 from COCO dataset
/home/swq/Code/Qwen2.5-VL/coco_2014_caption/image_000848.jpg,Image 849 from COCO dataset
/home/swq/Code/Qwen2.5-VL/coco_2014_caption/image_000849.jpg,Image 850 from COCO dataset
/home/swq/Code/Qwen2.5-VL/coco_2014_caption/image_000850.jpg,Image 851 from COCO dataset
/home/swq/Code/Qwen2.5-VL/coco_2014_caption/image_000851.jpg,Image 852 from COCO dataset
/home/swq/Code/Qwen2.5-VL/coco_2014_caption/image_000852.jpg,Image 853 from COCO dataset
/home/swq/Code/Qwen2.5-VL/coco_2014_caption/image_000853.jpg,Image 854 from COCO dataset
/home/swq/Code/Qwen2.5-VL/coco_2014_caption/image_000854.jpg,Image 855 from COCO dataset
/home/swq/Code/Qwen2.5-VL/coco_2014_caption/image_000855.jpg,Image 856 from COCO dataset
/home/swq/Code/Qwen2.5-VL/coco_2014_caption/image_000856.jpg,Image 857 from COCO dataset
/home/swq/Code/Qwen2.5-VL/coco_2014_caption/image_000857.jpg,Image 858 from COCO dataset
/home/swq/Code/Qwen2.5-VL/coco_2014_caption/image_000858.jpg,Image 859 from COCO dataset
/home/swq/Code/Qwen2.5-VL/coco_2014_caption/image_000859.jpg,Image 860 from COCO dataset
/home/swq/Code/Qwen2.5-VL/coco_2014_caption/image_000860.jpg,Image 861 from COCO dataset
/home/swq/Code/Qwen2.5-VL/coco_2014_caption/image_000861.jpg,Image 862 from COCO dataset
/home/swq/Code/Qwen2.5-VL/coco_2014_caption/image_000862.jpg,Image 863 from COCO dataset
/home/swq/Code/Qwen2.5-VL/coco_2014_caption/image_000863.jpg,Image 864 from COCO dataset
/home/swq/Code/Qwen2.5-VL/coco_2014_caption/image_000864.jpg,Image 865 from COCO dataset
/home/swq/Code/Qwen2.5-VL/coco_2014_caption/image_000865.jpg,Image 866 from COCO dataset
/home/swq/Code/Qwen2.5-VL/coco_2014_caption/image_000866.jpg,Image 867 from COCO dataset
/home/swq/Code/Qwen2.5-VL/coco_2014_caption/image_000867.jpg,Image 868 from COCO dataset
/home/swq/Code/Qwen2.5-VL/coco_2014_caption/image_000868.jpg,Image 869 from COCO dataset
/home/swq/Code/Qwen2.5-VL/coco_2014_caption/image_000869.jpg,Image 870 from COCO dataset
/home/swq/Code/Qwen2.5-VL/coco_2014_caption/image_000870.jpg,Image 871 from COCO dataset
/home/swq/Code/Qwen2.5-VL/coco_2014_caption/image_000871.jpg,Image 872 from COCO dataset
/home/swq/Code/Qwen2.5-VL/coco_2014_caption/image_000872.jpg,Image 873 from COCO dataset
/home/swq/Code/Qwen2.5-VL/coco_2014_caption/image_000873.jpg,Image 874 from COCO dataset
/home/swq/Code/Qwen2.5-VL/coco_2014_caption/image_000874.jpg,Image 875 from COCO dataset
/home/swq/Code/Qwen2.5-VL/coco_2014_caption/image_000875.jpg,Image 876 from COCO dataset
/home/swq/Code/Qwen2.5-VL/coco_2014_caption/image_000876.jpg,Image 877 from COCO dataset
/home/swq/Code/Qwen2.5-VL/coco_2014_caption/image_000877.jpg,Image 878 from COCO dataset
/home/swq/Code/Qwen2.5-VL/coco_2014_caption/image_000878.jpg,Image 879 from COCO dataset
/home/swq/Code/Qwen2.5-VL/coco_2014_caption/image_000879.jpg,Image 880 from COCO dataset
/home/swq/Code/Qwen2.5-VL/coco_2014_caption/image_000880.jpg,Image 881 from COCO dataset
/home/swq/Code/Qwen2.5-VL/coco_2014_caption/image_000881.jpg,Image 882 from COCO dataset
/home/swq/Code/Qwen2.5-VL/coco_2014_caption/image_000882.jpg,Image 883 from COCO dataset
/home/swq/Code/Qwen2.5-VL/coco_2014_caption/image_000883.jpg,Image 884 from COCO dataset
/home/swq/Code/Qwen2.5-VL/coco_2014_caption/image_000884.jpg,Image 885 from COCO dataset
/home/swq/Code/Qwen2.5-VL/coco_2014_caption/image_000885.jpg,Image 886 from COCO dataset
/home/swq/Code/Qwen2.5-VL/coco_2014_caption/image_000886.jpg,Image 887 from COCO dataset
/home/swq/Code/Qwen2.5-VL/coco_2014_caption/image_000887.jpg,Image 888 from COCO dataset
/home/swq/Code/Qwen2.5-VL/coco_2014_caption/image_000888.jpg,Image 889 from COCO dataset
/home/swq/Code/Qwen2.5-VL/coco_2014_caption/image_000889.jpg,Image 890 from COCO dataset
/home/swq/Code/Qwen2.5-VL/coco_2014_caption/image_000890.jpg,Image 891 from COCO dataset
/home/swq/Code/Qwen2.5-VL/coco_2014_caption/image_000891.jpg,Image 892 from COCO dataset
/home/swq/Code/Qwen2.5-VL/coco_2014_caption/image_000892.jpg,Image 893 from COCO dataset
/home/swq/Code/Qwen2.5-VL/coco_2014_caption/image_000893.jpg,Image 894 from COCO dataset
/home/swq/Code/Qwen2.5-VL/coco_2014_caption/image_000894.jpg,Image 895 from COCO dataset
/home/swq/Code/Qwen2.5-VL/coco_2014_caption/image_000895.jpg,Image 896 from COCO dataset
/home/swq/Code/Qwen2.5-VL/coco_2014_caption/image_000896.jpg,Image 897 from COCO dataset
/home/swq/Code/Qwen2.5-VL/coco_2014_caption/image_000897.jpg,Image 898 from COCO dataset
/home/swq/Code/Qwen2.5-VL/coco_2014_caption/image_000898.jpg,Image 899 from COCO dataset
/home/swq/Code/Qwen2.5-VL/coco_2014_caption/image_000899.jpg,Image 900 from COCO dataset
/home/swq/Code/Qwen2.5-VL/coco_2014_caption/image_000900.jpg,Image 901 from COCO dataset
/home/swq/Code/Qwen2.5-VL/coco_2014_caption/image_000901.jpg,Image 902 from COCO dataset
/home/swq/Code/Qwen2.5-VL/coco_2014_caption/image_000902.jpg,Image 903 from COCO dataset
/home/swq/Code/Qwen2.5-VL/coco_2014_caption/image_000903.jpg,Image 904 from COCO dataset
/home/swq/Code/Qwen2.5-VL/coco_2014_caption/image_000904.jpg,Image 905 from COCO dataset
/home/swq/Code/Qwen2.5-VL/coco_2014_caption/image_000905.jpg,Image 906 from COCO dataset
/home/swq/Code/Qwen2.5-VL/coco_2014_caption/image_000906.jpg,Image 907 from COCO dataset
/home/swq/Code/Qwen2.5-VL/coco_2014_caption/image_000907.jpg,Image 908 from COCO dataset
/home/swq/Code/Qwen2.5-VL/coco_2014_caption/image_000908.jpg,Image 909 from COCO dataset
/home/swq/Code/Qwen2.5-VL/coco_2014_caption/image_000909.jpg,Image 910 from COCO dataset
/home/swq/Code/Qwen2.5-VL/coco_2014_caption/image_000910.jpg,Image 911 from COCO dataset
/home/swq/Code/Qwen2.5-VL/coco_2014_caption/image_000911.jpg,Image 912 from COCO dataset
/home/swq/Code/Qwen2.5-VL/coco_2014_caption/image_000912.jpg,Image 913 from COCO dataset
/home/swq/Code/Qwen2.5-VL/coco_2014_caption/image_000913.jpg,Image 914 from COCO dataset
/home/swq/Code/Qwen2.5-VL/coco_2014_caption/image_000914.jpg,Image 915 from COCO dataset
/home/swq/Code/Qwen2.5-VL/coco_2014_caption/image_000915.jpg,Image 916 from COCO dataset
/home/swq/Code/Qwen2.5-VL/coco_2014_caption/image_000916.jpg,Image 917 from COCO dataset
/home/swq/Code/Qwen2.5-VL/coco_2014_caption/image_000917.jpg,Image 918 from COCO dataset
/home/swq/Code/Qwen2.5-VL/coco_2014_caption/image_000918.jpg,Image 919 from COCO dataset
/home/swq/Code/Qwen2.5-VL/coco_2014_caption/image_000919.jpg,Image 920 from COCO dataset
/home/swq/Code/Qwen2.5-VL/coco_2014_caption/image_000920.jpg,Image 921 from COCO dataset
/home/swq/Code/Qwen2.5-VL/coco_2014_caption/image_000921.jpg,Image 922 from COCO dataset
/home/swq/Code/Qwen2.5-VL/coco_2014_caption/image_000922.jpg,Image 923 from COCO dataset
/home/swq/Code/Qwen2.5-VL/coco_2014_caption/image_000923.jpg,Image 924 from COCO dataset
/home/swq/Code/Qwen2.5-VL/coco_2014_caption/image_000924.jpg,Image 925 from COCO dataset
/home/swq/Code/Qwen2.5-VL/coco_2014_caption/image_000925.jpg,Image 926 from COCO dataset
/home/swq/Code/Qwen2.5-VL/coco_2014_caption/image_000926.jpg,Image 927 from COCO dataset
/home/swq/Code/Qwen2.5-VL/coco_2014_caption/image_000927.jpg,Image 928 from COCO dataset
/home/swq/Code/Qwen2.5-VL/coco_2014_caption/image_000928.jpg,Image 929 from COCO dataset
/home/swq/Code/Qwen2.5-VL/coco_2014_caption/image_000929.jpg,Image 930 from COCO dataset
/home/swq/Code/Qwen2.5-VL/coco_2014_caption/image_000930.jpg,Image 931 from COCO dataset
/home/swq/Code/Qwen2.5-VL/coco_2014_caption/image_000931.jpg,Image 932 from COCO dataset
/home/swq/Code/Qwen2.5-VL/coco_2014_caption/image_000932.jpg,Image 933 from COCO dataset
/home/swq/Code/Qwen2.5-VL/coco_2014_caption/image_000933.jpg,Image 934 from COCO dataset
/home/swq/Code/Qwen2.5-VL/coco_2014_caption/image_000934.jpg,Image 935 from COCO dataset
/home/swq/Code/Qwen2.5-VL/coco_2014_caption/image_000935.jpg,Image 936 from COCO dataset
/home/swq/Code/Qwen2.5-VL/coco_2014_caption/image_000936.jpg,Image 937 from COCO dataset
/home/swq/Code/Qwen2.5-VL/coco_2014_caption/image_000937.jpg,Image 938 from COCO dataset
/home/swq/Code/Qwen2.5-VL/coco_2014_caption/image_000938.jpg,Image 939 from COCO dataset
/home/swq/Code/Qwen2.5-VL/coco_2014_caption/image_000939.jpg,Image 940 from COCO dataset
/home/swq/Code/Qwen2.5-VL/coco_2014_caption/image_000940.jpg,Image 941 from COCO dataset
/home/swq/Code/Qwen2.5-VL/coco_2014_caption/image_000941.jpg,Image 942 from COCO dataset
/home/swq/Code/Qwen2.5-VL/coco_2014_caption/image_000942.jpg,Image 943 from COCO dataset
/home/swq/Code/Qwen2.5-VL/coco_2014_caption/image_000943.jpg,Image 944 from COCO dataset
/home/swq/Code/Qwen2.5-VL/coco_2014_caption/image_000944.jpg,Image 945 from COCO dataset
/home/swq/Code/Qwen2.5-VL/coco_2014_caption/image_000945.jpg,Image 946 from COCO dataset
/home/swq/Code/Qwen2.5-VL/coco_2014_caption/image_000946.jpg,Image 947 from COCO dataset
/home/swq/Code/Qwen2.5-VL/coco_2014_caption/image_000947.jpg,Image 948 from COCO dataset
/home/swq/Code/Qwen2.5-VL/coco_2014_caption/image_000948.jpg,Image 949 from COCO dataset
/home/swq/Code/Qwen2.5-VL/coco_2014_caption/image_000949.jpg,Image 950 from COCO dataset
/home/swq/Code/Qwen2.5-VL/coco_2014_caption/image_000950.jpg,Image 951 from COCO dataset
/home/swq/Code/Qwen2.5-VL/coco_2014_caption/image_000951.jpg,Image 952 from COCO dataset
/home/swq/Code/Qwen2.5-VL/coco_2014_caption/image_000952.jpg,Image 953 from COCO dataset
/home/swq/Code/Qwen2.5-VL/coco_2014_caption/image_000953.jpg,Image 954 from COCO dataset
/home/swq/Code/Qwen2.5-VL/coco_2014_caption/image_000954.jpg,Image 955 from COCO dataset
/home/swq/Code/Qwen2.5-VL/coco_2014_caption/image_000955.jpg,Image 956 from COCO dataset
/home/swq/Code/Qwen2.5-VL/coco_2014_caption/image_000956.jpg,Image 957 from COCO dataset
/home/swq/Code/Qwen2.5-VL/coco_2014_caption/image_000957.jpg,Image 958 from COCO dataset
/home/swq/Code/Qwen2.5-VL/coco_2014_caption/image_000958.jpg,Image 959 from COCO dataset
/home/swq/Code/Qwen2.5-VL/coco_2014_caption/image_000959.jpg,Image 960 from COCO dataset
/home/swq/Code/Qwen2.5-VL/coco_2014_caption/image_000960.jpg,Image 961 from COCO dataset
/home/swq/Code/Qwen2.5-VL/coco_2014_caption/image_000961.jpg,Image 962 from COCO dataset
/home/swq/Code/Qwen2.5-VL/coco_2014_caption/image_000962.jpg,Image 963 from COCO dataset
/home/swq/Code/Qwen2.5-VL/coco_2014_caption/image_000963.jpg,Image 964 from COCO dataset
/home/swq/Code/Qwen2.5-VL/coco_2014_caption/image_000964.jpg,Image 965 from COCO dataset
/home/swq/Code/Qwen2.5-VL/coco_2014_caption/image_000965.jpg,Image 966 from COCO dataset
/home/swq/Code/Qwen2.5-VL/coco_2014_caption/image_000966.jpg,Image 967 from COCO dataset
/home/swq/Code/Qwen2.5-VL/coco_2014_caption/image_000967.jpg,Image 968 from COCO dataset
/home/swq/Code/Qwen2.5-VL/coco_2014_caption/image_000968.jpg,Image 969 from COCO dataset
/home/swq/Code/Qwen2.5-VL/coco_2014_caption/image_000969.jpg,Image 970 from COCO dataset
/home/swq/Code/Qwen2.5-VL/coco_2014_caption/image_000970.jpg,Image 971 from COCO dataset
/home/swq/Code/Qwen2.5-VL/coco_2014_caption/image_000971.jpg,Image 972 from COCO dataset
/home/swq/Code/Qwen2.5-VL/coco_2014_caption/image_000972.jpg,Image 973 from COCO dataset
/home/swq/Code/Qwen2.5-VL/coco_2014_caption/image_000973.jpg,Image 974 from COCO dataset
/home/swq/Code/Qwen2.5-VL/coco_2014_caption/image_000974.jpg,Image 975 from COCO dataset
/home/swq/Code/Qwen2.5-VL/coco_2014_caption/image_000975.jpg,Image 976 from COCO dataset
/home/swq/Code/Qwen2.5-VL/coco_2014_caption/image_000976.jpg,Image 977 from COCO dataset
/home/swq/Code/Qwen2.5-VL/coco_2014_caption/image_000977.jpg,Image 978 from COCO dataset
/home/swq/Code/Qwen2.5-VL/coco_2014_caption/image_000978.jpg,Image 979 from COCO dataset
/home/swq/Code/Qwen2.5-VL/coco_2014_caption/image_000979.jpg,Image 980 from COCO dataset
/home/swq/Code/Qwen2.5-VL/coco_2014_caption/image_000980.jpg,Image 981 from COCO dataset
/home/swq/Code/Qwen2.5-VL/coco_2014_caption/image_000981.jpg,Image 982 from COCO dataset
/home/swq/Code/Qwen2.5-VL/coco_2014_caption/image_000982.jpg,Image 983 from COCO dataset
/home/swq/Code/Qwen2.5-VL/coco_2014_caption/image_000983.jpg,Image 984 from COCO dataset
/home/swq/Code/Qwen2.5-VL/coco_2014_caption/image_000984.jpg,Image 985 from COCO dataset
/home/swq/Code/Qwen2.5-VL/coco_2014_caption/image_000985.jpg,Image 986 from COCO dataset
/home/swq/Code/Qwen2.5-VL/coco_2014_caption/image_000986.jpg,Image 987 from COCO dataset
/home/swq/Code/Qwen2.5-VL/coco_2014_caption/image_000987.jpg,Image 988 from COCO dataset
/home/swq/Code/Qwen2.5-VL/coco_2014_caption/image_000988.jpg,Image 989 from COCO dataset
/home/swq/Code/Qwen2.5-VL/coco_2014_caption/image_000989.jpg,Image 990 from COCO dataset
/home/swq/Code/Qwen2.5-VL/coco_2014_caption/image_000990.jpg,Image 991 from COCO dataset
/home/swq/Code/Qwen2.5-VL/coco_2014_caption/image_000991.jpg,Image 992 from COCO dataset
/home/swq/Code/Qwen2.5-VL/coco_2014_caption/image_000992.jpg,Image 993 from COCO dataset
/home/swq/Code/Qwen2.5-VL/coco_2014_caption/image_000993.jpg,Image 994 from COCO dataset
/home/swq/Code/Qwen2.5-VL/coco_2014_caption/image_000994.jpg,Image 995 from COCO dataset
/home/swq/Code/Qwen2.5-VL/coco_2014_caption/image_000995.jpg,Image 996 from COCO dataset
/home/swq/Code/Qwen2.5-VL/coco_2014_caption/image_000996.jpg,Image 997 from COCO dataset
/home/swq/Code/Qwen2.5-VL/coco_2014_caption/image_000997.jpg,Image 998 from COCO dataset
/home/swq/Code/Qwen2.5-VL/coco_2014_caption/image_000998.jpg,Image 999 from COCO dataset
/home/swq/Code/Qwen2.5-VL/coco_2014_caption/image_000999.jpg,Image 1000 from COCO dataset
